"PLOT.ID","rows","ranges","Block","Rep","Group","Trt","year","genotype","note","Calibration","ASD","leaf_length","leaf_width","ear_height","flag_leaf","plant_height"
"1001","1","1","1","1","Inbred","HN","2022","BGEM-0312-S","BGEM_Tall_late","0","2",62.1,6,62.5,125,160
"1002","2","1","1","1","Inbred","HN","2022","BGEM-0245-S","BGEM_Tall_late","0","2",63.6,7.6,66,156.5,198.5
"1003","3","1","1","1","Inbred","HN","2022","BGEM-0292-S","BGEM_Tall_late","0","2",80.05,6.8,60.5,153.5,189.5
"1004","4","1","1","1","Inbred","HN","2022","BGEM-0075-S","BGEM_Tall_late","0","1",65.65,7.4,100,174,205
"1005","5","1","1","1","Inbred","HN","2022","BGEM-0204-N","BGEM_Tall_late","0","1",71.6,6.55,114,210.5,245
"1006","6","1","1","1","Inbred","HN","2022","BGEM-0015-S","BGEM_Tall_late","0","1",75.75,8.65,64.5,168,219
"1007","7","1","1","1","Inbred","HN","2022","BGEM-0166-S","BGEM_Tall_late","0","1",83.3,7.75,99,200,239
"1008","8","1","1","1","Inbred","HN","2022","B73","BGEM_Tall_late","0","2",77.45,8,80,145,177.5
"1009","9","1","1","1","Inbred","HN","2022","BGEM-0237-N","BGEM_Tall_late","0","1",NA,NA,NA,NA,NA
"1010","10","1","1","1","Inbred","HN","2022","BGEM-0152-N","BGEM_Tall_late","0","1",63.85,7.8,67,149,191.5
"1011","11","1","1","1","Inbred","HN","2022","BGEM-0103-N","BGEM_Tall_late","0","1",73.2,7.2,75,166.5,205.5
"1012","12","1","1","1","Inbred","HN","2022","BGEM-0308-S","BGEM_Tall_late","0","2",74.85,8.15,49,148,177.5
"1013","13","1","1","1","Inbred","HN","2022","BGEM-0231-N","BGEM_Tall_late","0","2",81.3,6.45,68.5,147.5,182.5
"1014","14","1","1","1","Inbred","HN","2022","BGEM-0210-N","BGEM_Tall_late","0","2",72.55,7.45,95,158,202
"1015","15","1","1","1","Inbred","HN","2022","BGEM-0065-N","BGEM_Tall_late","0","2",65.75,6.6,112,189,230
"1016","16","1","1","1","Inbred","HN","2022","Mo17","BGEM_Tall_late","0","2",62.95,9.55,73,137,192
"1017","17","1","1","1","Inbred","HN","2022","BGEM-0178-S","BGEM_Tall_late","0","2",79.15,9.25,90,213.5,256
"1018","18","1","1","1","Inbred","HN","2022","BGEM-0106-N","BGEM_Tall_late","0","2",76.85,6.95,102.5,204.5,245.5
"1019","19","1","1","1","Inbred","HN","2022","BGEM-0069-S","BGEM_Tall_late","0","1",75.65,8.9,83.5,175.5,218
"1020","20","1","1","1","Inbred","HN","2022","BGEM-0043-S","BGEM_Tall_late","0","2",88.75,9.5,72.5,188,229
"1021","21","1","1","1","Inbred","HN","2022","BGEM-0239-N","BGEM_Tall_late","0","1",64.7,8.45,85,184,218.5
"1022","22","1","1","1","Inbred","HN","2022","BGEM-0325-N","BGEM_Tall_late","0","2",74.95,7.95,77.5,185,226
"1023","23","1","1","1","Inbred","HN","2022","BGEM-0290-N","BGEM_Tall_late","0","1",69.65,7.5,93,175,215
"1024","24","1","1","1","Inbred","HN","2022","B73","BGEM_Tall_late","0","2",77.9,8.7,85,165,205
"1025","25","1","1","1","Inbred","HN","2022","BGEM-0165-S","BGEM_Tall_late","0","2",69.35,6.8,89,185.5,224
"1026","26","1","1","1","Inbred","HN","2022","BGEM-0318-S","BGEM_Short_early","0","2",68,7.3,45,159,201
"1027","27","1","1","1","Inbred","HN","2022","BGEM-0321-S","BGEM_Short_early","0","2",73.55,9.15,61,140,177
"1028","28","1","1","1","Inbred","HN","2022","BGEM-0008-S","BGEM_Short_early","0","2",77.85,8.55,80.5,175,218
"1029","29","1","1","1","Inbred","HN","2022","BGEM-0113-S","BGEM_Short_early","0","1",73.55,6.6,63,160,206.5
"1030","30","1","1","1","Inbred","HN","2022","BGEM-0140-N","BGEM_Short_early","0","1",75.3,7.5,55,151.5,188
"1031","31","1","1","1","Inbred","HN","2022","BGEM-0221-S","BGEM_Short_early","0","2",75.7,9.65,66,160,200
"1032","32","1","1","1","Inbred","HN","2022","BGEM-0047-S","BGEM_Short_early","0","2",70,8.5,53.5,146.5,184.5
"1033","33","1","1","1","Inbred","HN","2022","Mo17","BGEM_Short_early","0","2",65.35,8.95,76,152,198
"1034","34","1","1","1","Inbred","HN","2022","BGEM-0136-S","BGEM_Short_early","0","2",57.8,9.05,75.5,139,177
"1035","35","1","1","1","Inbred","HN","2022","BGEM-0244-S","BGEM_Short_early","0","2",65.6,8.95,61.5,150.5,197.5
"1036","36","1","1","1","Inbred","HN","2022","BGEM-0020-S","BGEM_Short_early","0","1",83.25,9.65,72,163.5,209
"1037","37","1","1","1","Inbred","HN","2022","BGEM-0118-S","BGEM_Short_early","0","1",67.9,7.05,54,151.5,195.5
"1038","38","1","1","1","Inbred","HN","2022","BGEM-0032-S","BGEM_Short_early","0","2",66,8.5,62,138,183.5
"1039","39","1","1","1","Inbred","HN","2022","BGEM-0039-N","BGEM_Short_early","0","1",69.2,8,79.5,172,215
"1040","40","1","1","1","Inbred","HN","2022","BGEM-0080-S","BGEM_Short_early","0","1",62.75,8.4,74,179,215
"1041","41","1","1","1","Inbred","HN","2022","B73","BGEM_Short_early","0","1",78.5,8.95,83.5,173.5,208.5
"1042","42","1","1","1","Inbred","HN","2022","BGEM-0179-S","BGEM_Short_early","0","1",74.25,9.65,96,196,240.5
"1043","43","1","1","1","Inbred","HN","2022","BGEM-0214-S","BGEM_Short_early","0","1",71.55,8.05,74.5,165,200
"1044","44","1","1","1","Inbred","HN","2022","BGEM-0109-N","BGEM_Short_early","0","2",51.35,6.2,59,135,163.5
"1045","45","1","1","1","Inbred","HN","2022","BGEM-0082-S","BGEM_Short_early","0","2",67.75,8.75,37.5,113.5,145.5
"1046","46","1","1","1","Inbred","HN","2022","BGEM-0114-S","BGEM_Short_early","0","2",70.6,7.7,67.5,155,194.5
"1047","47","1","1","1","Inbred","HN","2022","BGEM-0222-S","BGEM_Short_early","0","2",58.5,7.85,73,149.5,185
"1048","48","1","1","1","Inbred","HN","2022","BGEM-0079-S","BGEM_Short_early","0","2",75.25,8.6,59.5,170,211.5
"1049","49","1","1","1","Inbred","HN","2022","Mo17","BGEM_Short_early","0","1",55.85,8.6,72,135,179.5
"1050","50","1","1","1","Inbred","HN","2022","BGEM-0099-S","BGEM_Short_early","0","1",60,7.6,70,130,163
"1051","1","2","1","1","Inbred","HN","2022","BGEM-0160-S","BGEM_Tall_late","0","2",55.05,8.1,92,163,199
"1052","2","2","1","1","Inbred","HN","2022","BGEM-0172-S","BGEM_Tall_late","0","2",74,8.1,101.5,225,261.5
"1053","3","2","1","1","Inbred","HN","2022","BGEM-0192-N","BGEM_Tall_late","0","2",69.75,6.15,102,177.5,216.5
"1054","4","2","1","1","Inbred","HN","2022","BGEM-0211-N","BGEM_Tall_late","0","2",79.05,6.85,88.5,175.5,212.5
"1055","5","2","1","1","Inbred","HN","2022","BGEM-0014-S","BGEM_Tall_late","0","2",66.25,7.3,80,143,179.5
"1056","6","2","1","1","Inbred","HN","2022","BGEM-0235-N","BGEM_Tall_late","0","2",69.5,6.95,97,188.5,225
"1057","7","2","1","1","Inbred","HN","2022","B73","BGEM_Tall_late","0","2",76.5,8.45,94.5,165.5,204.5
"1058","8","2","1","1","Inbred","HN","2022","BGEM-0250-S","BGEM_Tall_late","0","2",73,8.05,112.5,207.5,250
"1059","9","2","1","1","Inbred","HN","2022","BGEM-0183-N","BGEM_Tall_late","0","2",70.25,6.5,81,165.5,199.5
"1060","10","2","1","1","Inbred","HN","2022","BGEM-0213-S","BGEM_Tall_late","0","2",60.5,6.1,107,166,186.5
"1061","11","2","1","1","Inbred","HN","2022","BGEM-0056-S","BGEM_Tall_late","0","2",71.75,8.75,73,149.5,192
"1062","12","2","1","1","Inbred","HN","2022","BGEM-0294-N","BGEM_Tall_late","0","2",72.25,7.5,91.5,175,210
"1063","13","2","1","1","Inbred","HN","2022","BGEM-0196-N","BGEM_Tall_late","0","2",63.25,5.5,70,192.5,231
"1064","14","2","1","1","Inbred","HN","2022","BGEM-0051-S","BGEM_Tall_late","0","2",77.75,8.85,92.5,181,222
"1065","15","2","1","1","Inbred","HN","2022","Mo17","BGEM_Tall_late","0","2",61.8,7.85,86.5,153.5,195
"1066","16","2","1","1","Inbred","HN","2022","BGEM-0188-S","BGEM_Tall_late","0","2",78.35,8.5,95.5,188.5,231
"1067","17","2","1","1","Inbred","HN","2022","BGEM-0011-S","BGEM_Tall_late","0","2",81.55,8.15,75.5,175,221
"1068","18","2","1","1","Inbred","HN","2022","BGEM-0038-N","BGEM_Tall_late","0","2",70.2,8.05,77.5,157.5,196.5
"1069","19","2","1","1","Inbred","HN","2022","BGEM-0307-S","BGEM_Tall_late","0","1",73.95,8.2,74,174,226
"1070","20","2","1","1","Inbred","HN","2022","BGEM-0252-S","BGEM_Tall_late","0","1",86.2,8.1,81.5,189.5,232
"1071","21","2","1","1","Inbred","HN","2022","BGEM-0134-S","BGEM_Tall_late","0","2",77.5,10.4,100,198,235.5
"1072","22","2","1","1","Inbred","HN","2022","BGEM-0293-N","BGEM_Tall_late","0","1",69.35,6.7,76,179,206.5
"1073","23","2","1","1","Inbred","HN","2022","B73","BGEM_Tall_late","0","2",80.25,8.8,91.5,175.5,221.5
"1074","24","2","1","1","Inbred","HN","2022","BGEM-0328-S","BGEM_Tall_late","0","1",70.35,8.2,122,206.5,243
"1075","25","2","1","1","Inbred","HN","2022","BGEM-0027-S","BGEM_Tall_late","0","2",75.1,9.6,93,194,231.5
"1076","26","2","1","1","Inbred","HN","2022","BGEM-0314-S","BGEM_Short_early","0","1",76.35,9.45,70,168.5,210
"1077","27","2","1","1","Inbred","HN","2022","BGEM-0068-S","BGEM_Short_early","0","1",77.45,8.85,70,161,197.5
"1078","28","2","1","1","Inbred","HN","2022","BGEM-0010-S","BGEM_Short_early","0","2",74.1,10.25,79,183,230.5
"1079","29","2","1","1","Inbred","HN","2022","BGEM-0255-S","BGEM_Short_early","0","2",70,8.35,100.5,186,231.5
"1080","30","2","1","1","Inbred","HN","2022","BGEM-0266-S","BGEM_Short_early","0","1",73.85,7.8,77,141.5,169
"1081","31","2","1","1","Inbred","HN","2022","BGEM-0298-S","BGEM_Short_early","0","2",71.5,9.85,85,171.5,206
"1082","32","2","1","1","Inbred","HN","2022","Mo17","BGEM_Short_early","0","2",62.5,8.5,76,150.5,205.5
"1083","33","2","1","1","Inbred","HN","2022","BGEM-0203-N","BGEM_Short_early","0","1",69.75,6.8,68.5,170.5,209.5
"1084","34","2","1","1","Inbred","HN","2022","BGEM-0184-N","BGEM_Short_early","0","1",58.25,6.4,62.5,165,183.5
"1085","35","2","1","1","Inbred","HN","2022","BGEM-0123-N","BGEM_Short_early","0","1",63.15,7.3,93.5,181,224
"1086","36","2","1","1","Inbred","HN","2022","BGEM-0037-S","BGEM_Short_early","0","2",62,7.35,59.5,125.5,167
"1087","37","2","1","1","Inbred","HN","2022","BGEM-0117-S","BGEM_Short_early","0","1",69,7.45,62,163.5,209
"1088","38","2","1","1","Inbred","HN","2022","BGEM-0077-S","BGEM_Short_early","0","1",70,6.9,56,160.5,198
"1089","39","2","1","1","Inbred","HN","2022","BGEM-0085-N","BGEM_Short_early","0","1",70.75,6.6,90.5,161,192.5
"1090","40","2","1","1","Inbred","HN","2022","B73","BGEM_Short_early","0","1",76.5,8.45,89.5,171,213.5
"1091","41","2","1","1","Inbred","HN","2022","BGEM-0326-N","BGEM_Short_early","0","1",59,7.45,73,151.5,184
"1092","42","2","1","1","Inbred","HN","2022","BGEM-0320-N","BGEM_Short_early","0","1",67.7,6.7,85,160.5,196
"1093","43","2","1","1","Inbred","HN","2022","BGEM-0024-S","BGEM_Short_early","0","1",81.5,9.7,66.5,158,204
"1094","44","2","1","1","Inbred","HN","2022","BGEM-0013-S","BGEM_Short_early","0","1",75.25,7.95,79,175.5,216
"1095","45","2","1","1","Inbred","HN","2022","BGEM-0194-N","BGEM_Short_early","0","1",56.5,7.1,67,164,198.5
"1096","46","2","1","1","Inbred","HN","2022","BGEM-0012-S","BGEM_Short_early","0","1",64.7,7.3,60,140.5,181
"1097","47","2","1","1","Inbred","HN","2022","BGEM-0023-S","BGEM_Short_early","0","1",73.8,9.5,73.5,165.5,210
"1098","48","2","1","1","Inbred","HN","2022","Mo17","BGEM_Short_early","0","1",64,8.75,61,143.5,186.5
"1099","49","2","1","1","Inbred","HN","2022","BGEM-0112-S","BGEM_Short_early","0","2",72.15,7.7,75,150,197
"1100","50","2","1","1","Inbred","HN","2022","BGEM-0197-S","BGEM_Short_early","0","1",69.75,7.95,80,160,198.5
"1101","1","3","1","1","Inbred","HN","2022","BGEM-0193-N","BGEM_Tall_late","0","1",72.5,6.15,86,150,185
"1102","2","3","1","1","Inbred","HN","2022","BGEM-0070-S","BGEM_Tall_late","0","1",66.15,7.65,48,140,173.5
"1103","3","3","1","1","Inbred","HN","2022","BGEM-0158-S","BGEM_Tall_late","0","1",71.85,8.05,75.5,165.5,207
"1104","4","3","1","1","Inbred","HN","2022","BGEM-0264-S","BGEM_Tall_late","0","1",80.5,7,84.5,179.5,226
"1105","5","3","1","1","Inbred","HN","2022","BGEM-0309-S","BGEM_Tall_late","0","2",75.6,7.65,64.5,190.5,231
"1106","6","3","1","1","Inbred","HN","2022","B73","BGEM_Tall_late","0","2",79.5,8.55,92.5,177.5,220
"1107","7","3","1","1","Inbred","HN","2022","BGEM-0060-S","BGEM_Tall_late","0","2",73.8,8.95,93,185,228
"1108","8","3","1","1","Inbred","HN","2022","BGEM-0155-S","BGEM_Tall_late","0","2",75.2,7.25,71,146.5,194.5
"1109","9","3","1","1","Inbred","HN","2022","BGEM-0052-S","BGEM_Tall_late","0","2",64.7,5.25,66,128.5,150
"1110","10","3","1","1","Inbred","HN","2022","BGEM-0131-N","BGEM_Tall_late","0","2",69.65,7.05,65,164.5,195
"1111","11","3","1","1","Inbred","HN","2022","BGEM-0003-N","BGEM_Tall_late","0","1",79.85,6.3,110,194,227.5
"1112","12","3","1","1","Inbred","HN","2022","BGEM-0324-N","BGEM_Tall_late","0","1",75.85,9.25,93.5,177.5,213
"1113","13","3","1","1","Inbred","HN","2022","BGEM-0175-S","BGEM_Tall_late","0","1",72.25,6.35,82.5,169,200
"1114","14","3","1","1","Inbred","HN","2022","Mo17","BGEM_Tall_late","0","1",62.45,8.4,78,145.5,182
"1115","15","3","1","1","Inbred","HN","2022","BGEM-0233-S","BGEM_Tall_late","0","1",70.15,6.1,95.5,186,222.5
"1116","16","3","1","1","Inbred","HN","2022","BGEM-0124-N","BGEM_Tall_late","0","2",66.35,6.85,103.5,196.5,236
"1117","17","3","1","1","Inbred","HN","2022","BGEM-0223-N","BGEM_Tall_late","0","1",NA,NA,NA,NA,NA
"1118","18","3","1","1","Inbred","HN","2022","BGEM-0061-N","BGEM_Tall_late","0","1",57.3,6.85,89.5,168.5,197.5
"1119","19","3","1","1","Inbred","HN","2022","BGEM-0087-N","BGEM_Tall_late","0","1",63,7.35,102,190.5,228
"1120","20","3","1","1","Inbred","HN","2022","BGEM-0238-N","BGEM_Tall_late","0","1",80.85,9.35,97.5,182.5,225
"1121","21","3","1","1","Inbred","HN","2022","BGEM-0257-S","BGEM_Tall_late","0","1",69.7,7.25,65,139.5,178
"1122","22","3","1","1","Inbred","HN","2022","B73","BGEM_Tall_late","0","2",75.85,8.05,85.5,161,202.5
"1123","23","3","1","1","Inbred","HN","2022","BGEM-0240-N","BGEM_Tall_late","0","2",72.65,8,59.5,144,178.5
"1124","24","3","1","1","Inbred","HN","2022","BGEM-0168-S","BGEM_Tall_late","0","1",85.55,7.45,107,195,235
"1125","25","3","1","1","Inbred","HN","2022","BGEM-0033-S","BGEM_Tall_late","0","1",72.1,8.25,113.5,181,229
"1126","26","3","1","1","Inbred","HN","2022","BGEM-0154-S","BGEM_Short_early","0","1",75.25,8.8,80,179.5,224
"1127","27","3","1","1","Inbred","HN","2022","BGEM-0180-S","BGEM_Short_early","0","2",76.1,9.2,69,173,217
"1128","28","3","1","1","Inbred","HN","2022","BGEM-0137-S","BGEM_Short_early","0","2",70.25,9.2,62,169.5,215
"1129","29","3","1","1","Inbred","HN","2022","BGEM-0030-S","BGEM_Short_early","0","1",75.75,7.45,87.5,167.5,205
"1130","30","3","1","1","Inbred","HN","2022","BGEM-0327-N","BGEM_Short_early","0","1",64.75,7.55,69,158.5,189.5
"1131","31","3","1","1","Inbred","HN","2022","Mo17","BGEM_Short_early","0","1",64.25,8.95,78.5,152.5,202
"1132","32","3","1","1","Inbred","HN","2022","BGEM-0111-S","BGEM_Short_early","0","1",71.95,6.95,60,161,206
"1133","33","3","1","1","Inbred","HN","2022","BGEM-0050-S","BGEM_Short_early","0","1",87.95,9.65,80,182.5,231.5
"1134","34","3","1","1","Inbred","HN","2022","BGEM-0040-N","BGEM_Short_early","0","1",70.55,7.45,92,170,207
"1135","35","3","1","1","Inbred","HN","2022","BGEM-0129-N","BGEM_Short_early","0","1",72.25,9.4,67.5,145.5,183.5
"1136","36","3","1","1","Inbred","HN","2022","BGEM-0219-S","BGEM_Short_early","0","2",75.1,8.85,70,170,215
"1137","37","3","1","1","Inbred","HN","2022","BGEM-0066-N","BGEM_Short_early","0","2",76.15,7.15,67.5,140,181.5
"1138","38","3","1","1","Inbred","HN","2022","BGEM-0253-N","BGEM_Short_early","0","2",77.85,7.3,65,150,181
"1139","39","3","1","1","Inbred","HN","2022","B73","BGEM_Short_early","0","1",76.95,7.95,86.5,180,223
"1140","40","3","1","1","Inbred","HN","2022","BGEM-0094-S","BGEM_Short_early","0","1",70.5,8.4,55,149,180.5
"1141","41","3","1","1","Inbred","HN","2022","BGEM-0286-N","BGEM_Short_early","0","1",71,7.05,85.5,190,230
"1142","42","3","1","1","Inbred","HN","2022","BGEM-0055-S","BGEM_Short_early","0","1",77.1,8.15,68,160,203.5
"1143","43","3","1","1","Inbred","HN","2022","BGEM-0276-S","BGEM_Short_early","0","1",71.85,8.55,125,215,257
"1144","44","3","1","1","Inbred","HN","2022","BGEM-0310-S","BGEM_Short_early","0","2",78.4,8.2,73,191.5,238.5
"1145","45","3","1","1","Inbred","HN","2022","BGEM-0167-S","BGEM_Short_early","0","1",70.1,8.45,67.5,170,210
"1146","46","3","1","1","Inbred","HN","2022","BGEM-0227-N","BGEM_Short_early","0","2",75.55,8.4,75,154.5,200.5
"1147","47","3","1","1","Inbred","HN","2022","Mo17","BGEM_Short_early","0","1",67.9,9.1,75,157.5,207
"1148","48","3","1","1","Inbred","HN","2022","BGEM-0095-S","BGEM_Short_early","0","1",75.4,8.3,74,162,197.5
"1149","49","3","1","1","Inbred","HN","2022","BGEM-0229-N","BGEM_Short_early","0","2",68.1,6.9,62.5,159.5,191
"1150","50","3","1","1","Inbred","HN","2022","BGEM-0319-S","BGEM_Short_early","0","2",73.1,6,77.5,175.5,215.5
"1151","1","4","1","1","Inbred","HN","2022","BGEM-0284-N","BGEM_Tall_late","0","1",77.2,7.45,75,177.5,216.5
"1152","2","4","1","1","Inbred","HN","2022","BGEM-0121-N","BGEM_Tall_late","0","1",74,8.6,100,187.5,240
"1153","3","4","1","1","Inbred","HN","2022","BGEM-0019-S","BGEM_Tall_late","0","1",67.9,8.3,83.5,168.5,204.5
"1154","4","4","1","1","Inbred","HN","2022","BGEM-0072-S","BGEM_Tall_late","0","1",74.7,9.65,58.5,171,217
"1155","5","4","1","1","Inbred","HN","2022","B73","BGEM_Tall_late","0","1",81.85,8.4,82.5,180.5,221.5
"1156","6","4","1","1","Inbred","HN","2022","BGEM-0159-S","BGEM_Tall_late","0","1",83.55,9.45,106.5,184,229
"1157","7","4","1","1","Inbred","HN","2022","BGEM-0208-N","BGEM_Tall_late","0","1",74.95,7.65,NA,NA,278
"1158","8","4","1","1","Inbred","HN","2022","BGEM-0021-S","BGEM_Tall_late","0","2",74,7.5,88,182,230
"1159","9","4","1","1","Inbred","HN","2022","BGEM-0064-N","BGEM_Tall_late","0","2",69.25,5.3,116.5,198.5,234.5
"1160","10","4","1","1","Inbred","HN","2022","BGEM-0277-S","BGEM_Tall_late","0","2",75,9,70,156,196
"1161","11","4","1","1","Inbred","HN","2022","BGEM-0057-S","BGEM_Tall_late","0","1",75.3,9.4,74.5,150,195
"1162","12","4","1","1","Inbred","HN","2022","Mo17","BGEM_Tall_late","0","1",63.35,7.35,79,158.5,197
"1163","13","4","1","1","Inbred","HN","2022","B73","BGEM_Tall_early","0","1",80.7,8.5,87,174,215.5
"1164","14","4","1","1","Inbred","HN","2022","BGEM-0144-N","BGEM_Tall_early","0","1",62,7.55,94,166,205.5
"1165","15","4","1","1","Inbred","HN","2022","BGEM-0236-S","BGEM_Tall_early","0","1",70.75,8.45,103.5,169,219.5
"1166","16","4","1","1","Inbred","HN","2022","BGEM-0171-S","BGEM_Tall_early","0","1",78.35,8.55,79.5,164.5,219.5
"1167","17","4","1","1","Inbred","HN","2022","BGEM-0198-S","BGEM_Tall_early","0","1",78,7.85,84,187,260
"1168","18","4","1","1","Inbred","HN","2022","BGEM-0049-S","BGEM_Tall_early","0","1",80.5,9.95,84,184,228
"1169","19","4","1","1","Inbred","HN","2022","BGEM-0058-N","BGEM_Tall_early","0","1",78.5,8.25,100,191,231.5
"1170","20","4","1","1","Inbred","HN","2022","BGEM-0007-S","BGEM_Tall_early",NA,NA,72.45,8.15,84,186.5,233
"1171","21","4","1","1","Inbred","HN","2022","Mo17","BGEM_Tall_early","0","1",65.75,8.2,83,163.5,214.5
"1172","22","4","1","1","Inbred","HN","2022","BGEM-0125-N","BGEM_Tall_early","0","1",63.5,8.4,93,180,223.5
"1173","23","4","1","1","Inbred","HN","2022","BGEM-0206-N","BGEM_Tall_early","0","1",56.45,7.15,88,160,196
"1174","24","4","1","1","Inbred","HN","2022","BGEM-0092-S","BGEM_Tall_early","0","1",80.55,7.35,97,205,195.5
"1175","25","4","1","1","Inbred","HN","2022","BGEM-0280-S","BGEM_Tall_early","0","2",81.5,10.35,88.5,147.5,222.5
"1176","26","4","1","1","Inbred","HN","2022","BGEM-0150-S","BGEM_Short_early","0","2",70.85,8.55,66.5,139.5,160
"1177","27","4","1","1","Inbred","HN","2022","BGEM-0202-N","BGEM_Short_early","0","1",63.35,6.9,87.5,162.5,194
"1178","28","4","1","1","Inbred","HN","2022","BGEM-0207-N","BGEM_Short_early","0","2",66.75,7.7,88,149.5,199
"1179","29","4","1","1","Inbred","HN","2022","BGEM-0116-S","BGEM_Short_early","0","2",70.45,7.2,71,156,199
"1180","30","4","1","1","Inbred","HN","2022","B73","BGEM_Short_early","0","2",72.8,8.5,97.5,175,215
"1181","31","4","1","1","Inbred","HN","2022","BGEM-0162-S","BGEM_Short_early","0","2",77,8.4,72.5,160,204.5
"1182","32","4","1","1","Inbred","HN","2022","BGEM-0282-N","BGEM_Short_early","0","1",74.5,7.05,110,197.5,241
"1183","33","4","1","1","Inbred","HN","2022","BGEM-0149-S","BGEM_Short_early","0","1",74,11.5,80,172.5,210.5
"1184","34","4","1","1","Inbred","HN","2022","BGEM-0141-N","BGEM_Short_early","0","1",74.25,9.7,64,165,210
"1185","35","4","1","1","Inbred","HN","2022","BGEM-0115-S","BGEM_Short_early","0","1",72.2,7.65,68,165,212.5
"1186","36","4","1","1","Inbred","HN","2022","BGEM-0083-S","BGEM_Short_early","0","1",81.25,8.9,90,184,220
"1187","37","4","1","1","Inbred","HN","2022","Mo17","BGEM_Short_early","0","1",69.05,8.8,70,159,216.5
"1188","38","4","1","1","Inbred","HN","2022","BGEM-0242-N","BGEM_Short_late","0","2",69.4,7.85,70,146,189
"1189","39","4","1","1","Inbred","HN","2022","BGEM-0249-N","BGEM_Short_late","0","2",72,6.25,77.5,175,207.5
"1190","40","4","1","1","Inbred","HN","2022","BGEM-0164-S","BGEM_Short_late","0","1",79.1,8.05,77.5,179.5,216.5
"1191","41","4","1","1","Inbred","HN","2022","BGEM-0262-S","BGEM_Short_late","0","2",73.85,6.75,84,189.5,227.5
"1192","42","4","1","1","Inbred","HN","2022","BGEM-0268-S","BGEM_Short_late","0","2",86.7,7,95,189,243.5
"1193","43","4","1","1","Inbred","HN","2022","BGEM-0181-N","BGEM_Short_late","0","2",68,7.3,90,170,214.5
"1194","44","4","1","1","Inbred","HN","2022","BGEM-0120-N","BGEM_Short_late","0","2",84.75,8.9,92.5,169.5,208.5
"1195","45","4","1","1","Inbred","HN","2022","B73","BGEM_Short_late","0","2",69,8.25,101,177,214.5
"1196","46","4","1","1","Inbred","HN","2022","BGEM-0228-N","BGEM_Short_late","0","2",74.6,7.5,89,173.5,212.5
"1197","47","4","1","1","Inbred","HN","2022","BGEM-0220-S","BGEM_Short_late","0","2",67.5,8.7,86,176,220
"1198","48","4","1","1","Inbred","HN","2022","BGEM-0026-S","BGEM_Short_late","0","2",76.85,9.9,67.5,150,190
"1199","49","4","1","1","Inbred","HN","2022","BGEM-0259-N","BGEM_Short_late","0","2",77.25,7.3,85,189.5,227
"1200","50","4","1","1","Inbred","HN","2022","BGEM-0246-N","BGEM_Short_late","0","2",62.5,5.95,69,160.5,191
"1201","1","5","1","1","Inbred","HN","2022","BGEM-0295-S","BGEM_Tall_early","0","2",71.55,9.1,85,170,213
"1202","2","5","1","1","Inbred","HN","2022","BGEM-0148-S","BGEM_Tall_early","0","2",71,7.9,60,159.5,191.5
"1203","3","5","1","1","Inbred","HN","2022","BGEM-0045-N","BGEM_Tall_early","0","1",68.5,7.75,89.5,200,231
"1204","4","5","1","1","Inbred","HN","2022","Mo17","BGEM_Tall_early","0","2",68.95,9.45,74.5,157.5,205
"1205","5","5","1","1","Inbred","HN","2022","BGEM-0300-S","BGEM_Tall_early","0","2",67.5,8.5,77.5,161.5,200.5
"1206","6","5","1","1","Inbred","HN","2022","BGEM-0078-N","BGEM_Tall_early","0","2",69.15,6.7,75,187,220.5
"1207","7","5","1","1","Inbred","HN","2022","BGEM-0299-N","BGEM_Tall_early","0","2",62.8,6.55,69,161.5,190
"1208","8","5","1","1","Inbred","HN","2022","BGEM-0302-S","BGEM_Tall_early","0","2",75.8,7.5,54,150,192.5
"1209","9","5","1","1","Inbred","HN","2022","BGEM-0145-N","BGEM_Tall_early","0","2",70.3,6.5,73.5,107.5,171
"1210","10","5","1","1","Inbred","HN","2022","BGEM-0199-S","BGEM_Tall_early","0","2",80.25,8.85,80,174,218.5
"1211","11","5","1","1","Inbred","HN","2022","BGEM-0122-N","BGEM_Tall_early","0","2",68.55,7.7,76,162.5,193.5
"1212","12","5","1","1","Inbred","HN","2022","B73","BGEM_Tall_early","0","1",79.25,8.55,89,166.5,205
"1213","13","5","1","1","Inbred","HN","2022","BGEM-0054-S","BGEM_Tall_early","0","1",77.25,9.9,85.5,189.5,230
"1214","14","5","1","1","Inbred","HN","2022","BGEM-0146-N","BGEM_Tall_early","0","2",68.75,6.5,92.5,182,220
"1215","15","5","1","1","Inbred","HN","2022","BGEM-0243-S","BGEM_Tall_early","0","2",70.55,9.05,77.5,165,201.5
"1216","16","5","1","1","Inbred","HN","2022","BGEM-0130-N","BGEM_Tall_early","0","1",69.3,7.95,81,168.5,207.5
"1217","17","5","1","1","Inbred","HN","2022","BGEM-0304-N","BGEM_Tall_early","0","1",82.75,9.05,107.5,203,247
"1218","18","5","1","1","Inbred","HN","2022","BGEM-0086-N","BGEM_Tall_early","0","2",77.05,7.25,92.5,181,218.5
"1219","19","5","1","1","Inbred","HN","2022","BGEM-0283-N","BGEM_Tall_early","0","1",66.85,6.95,89.5,180,221
"1220","20","5","1","1","Inbred","HN","2022","Mo17","BGEM_Tall_early","0","1",70,9.2,79,159.5,206
"1221","21","5","1","1","Inbred","HN","2022","BGEM-0046-N","BGEM_Tall_early","0","2",76.1,8.15,75,184.5,215
"1222","22","5","1","1","Inbred","HN","2022","BGEM-0138-S","BGEM_Tall_early","0","2",71.55,8.15,90,191,232.5
"1223","23","5","1","1","Inbred","HN","2022","BGEM-0217-S","BGEM_Tall_early","0","2",84,8.05,92.5,185,213.5
"1224","24","5","1","1","Inbred","HN","2022","BGEM-0127-N","BGEM_Tall_early","0","1",66.25,7.8,80,173,205
"1225","25","5","1","1","Inbred","HN","2022","BGEM-0182-N","BGEM_Tall_early","0","1",66.7,7.4,87,193.5,229
"1226","26","5","1","1","Inbred","HN","2022","BGEM-0281-N","BGEM_Short_late","0","1",62.25,8.4,114,204.5,239.5
"1227","27","5","1","1","Inbred","HN","2022","BGEM-0073-S","BGEM_Short_late","0","1",64.85,9.4,90,156.5,199
"1228","28","5","1","1","Inbred","HN","2022","B73","BGEM_Short_late","0","1",77.55,8.4,95.5,173,209.5
"1229","29","5","1","1","Inbred","HN","2022","BGEM-0048-S","BGEM_Short_late","0","1",75.55,10,75.5,168.5,205.5
"1230","30","5","1","1","Inbred","HN","2022","BGEM-0230-N","BGEM_Short_late","0","1",71.35,6.45,76,160,201
"1231","31","5","1","1","Inbred","HN","2022","BGEM-0071-S","BGEM_Short_late","0","1",66,8.55,86.5,156,195.5
"1232","32","5","1","1","Inbred","HN","2022","BGEM-0306-S","BGEM_Short_late","0","1",58.15,9.85,90,185.5,223.5
"1233","33","5","1","1","Inbred","HN","2022","BGEM-0035-S","BGEM_Short_late","1","1.5",76,8.1,75,175,216
"1234","34","5","1","1","Inbred","HN","2022","BGEM-0269-S","BGEM_Short_late","1","1.5",NA,NA,NA,NA,NA
"1235","35","5","1","1","Inbred","HN","2022","BGEM-0036-S","BGEM_Short_late","0","2",71.25,9.1,80,171,197.5
"1236","36","5","1","1","Inbred","HN","2022","Mo17","BGEM_Short_late","0","1",66.05,8.45,85,160,209
"1237","37","5","1","1","Inbred","HN","2022","BGEM-0102-N","BGEM_Short_late","0","2",78.9,7.4,67.5,169.5,210
"1238","38","5","1","1","Inbred","HN","2022","BGEM-0305-S","BGEM_Short_late","0","2",73,7.2,66.5,158,196
"1239","39","5","1","1","Inbred","HN","2022","BGEM-0089-N","BGEM_Short_late","0","2",78.8,7.65,55,150,182
"1240","40","5","1","1","Inbred","HN","2022","BGEM-0174-N","BGEM_Short_late","0","2",67,8.4,65,149,180
"1241","41","5","1","1","Inbred","HN","2022","BGEM-0067-S","BGEM_Short_late","0","2",73.9,8.8,72.5,166.5,205
"1242","42","5","1","1","Inbred","HN","2022","BGEM-0288-S","BGEM_Short_late","0","2",83.25,10.15,110,204,255
"1243","43","5","1","1","Inbred","HN","2022","BGEM-0161-S","BGEM_Short_late","0","2",83.55,8.95,102,189.5,237.5
"1244","44","5","1","1","Inbred","HN","2022","B73","BGEM_Short_late","0","2",80.5,9.1,99,177.5,222.5
"1245","45","5","1","1","Inbred","HN","2022","BGEM-0088-N","BGEM_Short_late","0","2",83.8,9.3,82.5,165,195.5
"1246","46","5","1","1","Inbred","HN","2022","BGEM-0187-S","BGEM_Short_late","0","2",74.95,7.65,67.5,148.5,180
"1247","47","5","1","1","Inbred","HN","2022","BGEM-0170-S","BGEM_Short_late","0","2",76.3,9.85,70,166.5,204
"1248","48","5","1","1","Inbred","HN","2022","BGEM-0107-N","BGEM_Short_late","0","2",72,8.5,70,170,206
"1249","49","5","1","1","Inbred","HN","2022","BGEM-0225-N","BGEM_Short_late","0","2",74.55,8.75,82,156.5,204
"1250","50","5","1","1","Inbred","HN","2022","BGEM-0226-S","BGEM_Short_late","0","2",83.95,9.2,81,165,239.5
"1251","1","6","1","1","Inbred","HN","2022","BGEM-0313-S","BGEM_Tall_early","0","2",85.1,9.45,84.5,179,213.5
"1252","2","6","1","1","Inbred","HN","2022","BGEM-0025-S","BGEM_Tall_early","0","1",83.25,9.55,88.5,192,237
"1253","3","6","1","1","Inbred","HN","2022","Mo17","BGEM_Tall_early","0","1",68.7,9,78,154,208.5
"1254","4","6","1","1","Inbred","HN","2022","BGEM-0261-S","BGEM_Tall_early","0","1",71.5,9.65,70,153,183.5
"1255","5","6","1","1","Inbred","HN","2022","BGEM-0278-S","BGEM_Tall_early","0","1",78,9,75,173,217
"1256","6","6","1","1","Inbred","HN","2022","BGEM-0062-N","BGEM_Tall_early","0","1",75.85,7.3,79.5,164,210
"1257","7","6","1","1","Inbred","HN","2022","BGEM-0272-S","BGEM_Tall_early","0","1",71.2,9.25,80.5,171,209.5
"1258","8","6","1","1","Inbred","HN","2022","BGEM-0053-S","BGEM_Tall_early","0","1",69.6,7.9,104.5,180.5,209
"1259","9","6","1","1","Inbred","HN","2022","BGEM-0091-N","BGEM_Tall_early","0","1",70,7.45,75,150,189
"1260","10","6","1","1","Inbred","HN","2022","BGEM-0205-N","BGEM_Tall_early","0","1",63.25,7.45,77.5,160,200
"1261","11","6","1","1","Inbred","HN","2022","B73","BGEM_Tall_early","0","1",80.5,8.8,90,167,206.5
"1262","12","6","1","1","Inbred","HN","2022","BGEM-0078-S","BGEM_Tall_early","0","1",NA,NA,NA,NA,NA
"1263","13","6","1","1","Inbred","HN","2022","BGEM-0263-S","BGEM_Tall_early","0","1",69.5,9.05,113,189.5,226.5
"1264","14","6","1","1","Inbred","HN","2022","BGEM-0041-S","BGEM_Tall_early","0","1",77.5,9.15,76.5,179.5,220.5
"1265","15","6","1","1","Inbred","HN","2022","BGEM-0189-S","BGEM_Tall_early","0","1",70.25,8.5,101.5,198.5,231
"1266","16","6","1","1","Inbred","HN","2022","BGEM-0143-N","BGEM_Tall_early","0","2",79.5,8.45,85.5,188.5,227.5
"1267","17","6","1","1","Inbred","HN","2022","BGEM-0156-S","BGEM_Tall_early","0","2",76.15,10,80,170,210.5
"1268","18","6","1","1","Inbred","HN","2022","BGEM-0258-S","BGEM_Tall_early","0","2",62.5,10.8,80,169.5,211.5
"1269","19","6","1","1","Inbred","HN","2022","Mo17","BGEM_Tall_early","0","2",67.95,9.1,70,151.5,198.5
"1270","20","6","1","1","Inbred","HN","2022","BGEM-0315-S","BGEM_Tall_early","0","1",65.25,8.6,58,173.5,210.5
"1271","21","6","1","1","Inbred","HN","2022","BGEM-0201-N","BGEM_Tall_early","0","1",80.15,9.9,88.5,139,220
"1272","22","6","1","1","Inbred","HN","2022","BGEM-0063-N","BGEM_Tall_early","0","1",83.05,6.35,103,222.5,262.5
"1273","23","6","1","1","Inbred","HN","2022","BGEM-0110-N","BGEM_Tall_early","0","1",73.5,7.35,75,177.5,223.5
"1274","24","6","1","1","Inbred","HN","2022","BGEM-0147-S","BGEM_Tall_early","0","2",83.15,9.45,78.5,191.5,230
"1275","25","6","1","1","Inbred","HN","2022","BGEM-0311-N","BGEM_Tall_early","0","2",72.65,8,85.5,177.5,225
"1276","26","6","1","1","Inbred","HN","2022","BGEM-0169-S","BGEM_Short_late","0","2",71.25,9.8,57.5,164,195
"1277","27","6","1","1","Inbred","HN","2022","B73","BGEM_Short_late","0","2",76.65,8.95,84.5,158.5,205
"1278","28","6","1","1","Inbred","HN","2022","BGEM-0191-N","BGEM_Short_late","0","2",55,7,82.5,148.5,197.5
"1279","29","6","1","1","Inbred","HN","2022","BGEM-0074-S","BGEM_Short_late","0","1",69.25,8.4,76.5,139,177
"1280","30","6","1","1","Inbred","HN","2022","BGEM-0323-S","BGEM_Short_late","0","1",80.5,8.5,72.5,199,247
"1281","31","6","1","1","Inbred","HN","2022","BGEM-0029-S","BGEM_Short_late","0","2",69.5,9.5,54,138,176
"1282","32","6","1","1","Inbred","HN","2022","BGEM-0190-N","BGEM_Short_late","0","2",73.15,7.8,60,161.5,200.5
"1283","33","6","1","1","Inbred","HN","2022","BGEM-0022-S","BGEM_Short_late","0","2",71.85,8.3,86.5,162.5,202.5
"1284","34","6","1","1","Inbred","HN","2022","BGEM-0028-S","BGEM_Short_late","0","2",74.5,8.85,88,167.5,206.5
"1285","35","6","1","1","Inbred","HN","2022","Mo17","BGEM_Short_late","0","1",65,8.4,83.5,158.5,205.5
"1286","36","6","1","1","Inbred","HN","2022","BGEM-0291-N","BGEM_Short_late","0","2",79.65,7.95,92.5,190,216.5
"1287","37","6","1","1","Inbred","HN","2022","BGEM-0296-S","BGEM_Short_late","0","1",71.35,8.95,75.5,156,184
"1288","38","6","1","1","Inbred","HN","2022","BGEM-0289-N","BGEM_Short_late","0","1",68.5,6.75,65,173.5,229.5
"1289","39","6","1","1","Inbred","HN","2022","BGEM-0151-N","BGEM_Short_late","0","1",70,7.7,77,164.5,200.5
"1290","40","6","1","1","Inbred","HN","2022","BGEM-0084-S","BGEM_Short_late","0","1",76.75,9,78,172.5,215
"1291","41","6","1","1","Inbred","HN","2022","BGEM-0200-S","BGEM_Short_late","0","1",62.25,9.15,105,188,227.5
"1292","42","6","1","1","Inbred","HN","2022","BGEM-0101-S","BGEM_Short_late","0","1",65.75,7.1,78.5,144,175.5
"1293","43","6","1","1","Inbred","HN","2022","B73","BGEM_Short_late","0","1",77.75,8.85,92.5,171,213.5
"1294","44","6","1","1","Inbred","HN","2022","BGEM-0303-N","BGEM_Short_late","0","1",66.05,6.55,79.5,182,224
"1295","45","6","1","1","Inbred","HN","2022","BGEM-0224-N","BGEM_Short_late","0","1",71.1,8.25,90,146.5,206.5
"1296","46","6","1","1","Inbred","HN","2022","BGEM-0270-S","BGEM_Short_late","0","1",88.25,8.45,89.5,166,236.5
"1297","47","6","1","1","Inbred","HN","2022","BGEM-0279-S","BGEM_Short_late","0","2",73.25,9.15,78,185,226.5
"1298","48","6","1","1","Inbred","HN","2022","BGEM-0004-N","BGEM_Short_late","0","2",56.25,8.1,95,185,215.5
"1299","49","6","1","1","Inbred","HN","2022","BGEM-0260-N","BGEM_Short_late","0","1",77.25,8.75,67.5,181,230
"1300","50","6","1","1","Inbred","HN","2022","BGEM-0256-N","BGEM_Short_late","0","2",69.35,7.3,81.5,176.5,218.5
"1301","1","7","1","1","Inbred","HN","2022","BGEM-0031-S","BGEM_Tall_early","0","1",67.5,7.3,79,153,187
"1302","2","7","1","1","Inbred","HN","2022","Mo17","BGEM_Tall_early","0","1",61.75,8,73,139.5,176
"1303","3","7","1","1","Inbred","HN","2022","BGEM-0076-S","BGEM_Tall_early","0","1",NA,NA,NA,NA,NA
"1304","4","7","1","1","Inbred","HN","2022","BGEM-0301-S","BGEM_Tall_early","0","1",74.5,9,102,178,231
"1305","5","7","1","1","Inbred","HN","2022","BGEM-0209-N","BGEM_Tall_early","0","1",68.75,5.85,90,168.5,214
"1306","6","7","1","1","Inbred","HN","2022","BGEM-0018-S","BGEM_Tall_early","0","1",75.7,8.5,75,185,216
"1307","7","7","1","1","Inbred","HN","2022","BGEM-0215-N","BGEM_Tall_early","0","1",77.75,8.8,89.5,192,237.5
"1308","8","7","1","1","Inbred","HN","2022","BGEM-0081-S","BGEM_Tall_early","0","1",77.25,7.45,90,171,240
"1309","9","7","1","1","Inbred","HN","2022","BGEM-0317-S","BGEM_Tall_early","0","1",75.7,9.05,81,170,211
"1310","10","7","1","1","Inbred","HN","2022","B73","BGEM_Tall_early","0","1",80.5,9.4,102,179.5,213
"1311","11","7","1","1","Inbred","HN","2022","BGEM-0251-S","BGEM_Tall_early","0","1",77.6,8.05,82.5,176.5,220
"1312","12","7","1","1","Inbred","HN","2022","BGEM-0212-N","BGEM_Tall_early","0","1",61,5.75,80,180.5,217
"1313","13","7","1","1","Inbred","HN","2022","BGEM-0001-N","BGEM_Tall_early","0","2",61,7.15,77,201,189
"1314","14","7","1","1","Inbred","HN","2022","BGEM-0002-N","BGEM_Tall_early","0","1",66,6.45,78,169,205.5
"1315","15","7","1","1","Inbred","HN","2022","BGEM-0126-N","BGEM_Tall_early","0","1",71.4,7.5,91.5,181,226
"1316","16","7","1","1","Inbred","HN","2022","BGEM-0254-S","BGEM_Tall_early","0","1",74.25,8.25,80,180,221.5
"1317","17","7","1","1","Inbred","HN","2022","BGEM-0105-N","BGEM_Tall_early","0","2",71.45,6.95,88.5,189,227.5
"1318","18","7","1","1","Inbred","HN","2022","Mo17","BGEM_Tall_early","0","1",68.55,8.95,94,169.5,216.5
"1319","19","7","1","1","Inbred","HN","2022","BGEM-0248-N","BGEM_Tall_early","0","1",67.5,8.15,91.5,170,247.5
"1320","20","7","1","1","Inbred","HN","2022","BGEM-0044-S","BGEM_Tall_early","0","1",79.25,10.25,93.5,202,246.5
"1321","21","7","1","1","Inbred","HN","2022","BGEM-0005-N","BGEM_Tall_early","0","1",74.45,9.6,80.5,185,226.5
"1322","22","7","1","1","Inbred","HN","2022","BGEM-0006-S","BGEM_Tall_early","0","1",74.35,8.6,89.5,169.5,236.5
"1323","23","7","1","1","Inbred","HN","2022","BGEM-0133-S","BGEM_Tall_early","0","1",67.55,8.9,83.5,175,222.5
"1324","24","7","1","1","Inbred","HN","2022","BGEM-0098-S","BGEM_Tall_early","0","1",59.7,6.8,67.5,162.5,202.5
"1325","25","7","1","1","Inbred","HN","2022","B73","BGEM_Tall_early","0","1",76.85,9.15,92,174.5,220
"1326","26","7","1","1","Inbred","HN","2022","Mo17","BGEM_Short_late","0","1",64.85,7.55,67,151,198.5
"1327","27","7","1","1","Inbred","HN","2022","BGEM-0218-S","BGEM_Short_late","0","1",66.5,8.25,84.5,172.5,210.5
"1328","28","7","1","1","Inbred","HN","2022","BGEM-0163-S","BGEM_Short_late","0","1",64.4,8.25,87,170,207.5
"1329","29","7","1","1","Inbred","HN","2022","BGEM-0247-N","BGEM_Short_late","0","1",74.9,6.3,81,165.5,197
"1330","30","7","1","1","Inbred","HN","2022","BGEM-0287-N","BGEM_Short_late","0","1",64.7,6.55,81.5,160,197.5
"1331","31","7","1","1","Inbred","HN","2022","BGEM-0059-S","BGEM_Short_late","0","1",70.15,7.4,82.5,174.5,214.5
"1332","32","7","1","1","Inbred","HN","2022","BGEM-0173-S","BGEM_Short_late","0","1",70.75,8.2,97,166,213
"1333","33","7","1","1","Inbred","HN","2022","BGEM-0108-S","BGEM_Short_late","0","1",79.75,8.5,79,171,210.5
"1334","34","7","1","1","Inbred","HN","2022","B73","BGEM_Short_late","0","1",81.75,8.55,99,190,227.5
"1335","35","7","1","1","Inbred","HN","2022","BGEM-0297-N","BGEM_Short_late","0","1",75.35,9.4,124,185,276
"1336","36","7","1","1","Inbred","HN","2022","BGEM-0185-N","BGEM_Short_late","0","1",79.45,8,85.5,166.5,235.5
"1337","37","7","1","1","Inbred","HN","2022","BGEM-0157-N","BGEM_Short_late","0","1",70.25,7.3,91.5,183,221
"1338","38","7","1","1","Inbred","HN","2022","BGEM-0322-S","BGEM_Short_late","0","1",76.6,8.85,83.5,183,225
"1339","39","7","1","1","Inbred","HN","2022","BGEM-0100-S","BGEM_Short_late","0","1",NA,NA,60,152,200
"1340","40","7","1","1","Inbred","HN","2022","BGEM-0090-N","BGEM_Short_late","0","1",80.35,8,90,160,236
"1341","41","7","1","1","Inbred","HN","2022","BGEM-0034-S","BGEM_Short_late","0","1",72.5,9.75,74,168,204
"1342","42","7","1","1","Inbred","HN","2022","Mo17","BGEM_Short_late","0","1",63.5,8.6,88.5,165.5,211.5
"1343","43","7","1","1","Inbred","HN","2022","BGEM-0097-S","BGEM_Short_late","0","1",70.5,9.15,64.5,159.5,191
"1344","44","7","1","1","Inbred","HN","2022","BGEM-0285-N","BGEM_Short_late","0","1",75.25,7,83.5,151,246
"1345","45","7","1","1","Inbred","HN","2022","BGEM-0216-N","BGEM_Short_late","0","1",60,5.55,95.5,169,200
"1346","46","7","1","1","Inbred","HN","2022","BGEM-0316-S","BGEM_Short_late","0","1",77.25,9.35,82.5,175,226
"1347","47","7","1","1","Inbred","HN","2022","BGEM-0153-S","BGEM_Short_late","0","1",69.95,9.75,87.5,183.5,219
"1348","48","7","1","1","Inbred","HN","2022","BGEM-0186-S","BGEM_Short_late","0","1",69.9,8.6,60,165.5,211.5
"1349","49","7","1","1","Inbred","HN","2022","BGEM-0042-S","BGEM_Short_late","0","1",79.2,7.1,65.5,152.5,192.5
"1350","50","7","1","1","Inbred","HN","2022","B73","BGEM_Short_late","0","1",77.5,8.85,92,173,217.5
"2098","48","2","2","1","Inbred","LN","2022","B73","BGEM_Tall_late","0","1",74.0820779729841,8.04663046928688,79.2199265618045,159.179713187737,194.358870127152
"2162","12","4","2","1","Inbred","LN","2022","B73","BGEM_Short_early","0","1",74.0820779729841,8.04663046928688,79.2199265618045,159.179713187737,194.358870127152
"2114","14","3","2","1","Inbred","LN","2022","B73","BGEM_Short_early","0","2",74.0820779729841,8.04663046928688,79.2199265618045,159.179713187737,194.358870127152
"2131","31","3","2","1","Inbred","LN","2022","B73","BGEM_Tall_late","0","2",74.0820779729841,8.04663046928688,79.2199265618045,159.179713187737,194.358870127152
"2343","43","7","2","1","Inbred","LN","2022","B73","BGEM_Tall_early","0","1",74.0820779729841,8.04663046928688,79.2199265618045,159.179713187737,194.358870127152
"2301","1","7","2","1","Inbred","LN","2022","B73","BGEM_Short_late","0","1",74.0820779729841,8.04663046928688,79.2199265618045,159.179713187737,194.358870127152
"2252","2","6","2","1","Inbred","LN","2022","B73","BGEM_Short_late","0","1",74.0820779729841,8.04663046928688,79.2199265618045,159.179713187737,194.358870127152
"2203","3","5","2","1","Inbred","LN","2022","B73","BGEM_Short_late","0","1",74.0820779729841,8.04663046928688,79.2199265618045,159.179713187737,194.358870127152
"2082","32","2","2","1","Inbred","LN","2022","B73","BGEM_Tall_late","0","1",74.0820779729841,8.04663046928688,79.2199265618045,159.179713187737,194.358870127152
"2237","37","5","2","1","Inbred","LN","2022","B73","BGEM_Tall_early","0","1",74.0820779729841,8.04663046928688,79.2199265618045,159.179713187737,194.358870127152
"2327","27","7","2","1","Inbred","LN","2022","B73","BGEM_Tall_early","0","1",74.0820779729841,8.04663046928688,79.2199265618045,159.179713187737,194.358870127152
"2180","30","4","2","1","Inbred","LN","2022","B73","BGEM_Tall_late","0","2",74.0820779729841,8.04663046928688,79.2199265618045,159.179713187737,194.358870127152
"2033","33","1","2","1","Inbred","LN","2022","B73","BGEM_Tall_late","0","1",74.0820779729841,8.04663046928688,79.2199265618045,159.179713187737,194.358870127152
"2188","38","4","2","1","Inbred","LN","2022","B73","BGEM_Tall_early","0","1",74.0820779729841,8.04663046928688,79.2199265618045,159.179713187737,194.358870127152
"2016","16","1","2","1","Inbred","LN","2022","B73","BGEM_Short_early","0","2",74.0820779729841,8.04663046928688,79.2199265618045,159.179713187737,194.358870127152
"2065","15","2","2","1","Inbred","LN","2022","B73","BGEM_Short_early","0","2",74.0820779729841,8.04663046928688,79.2199265618045,159.179713187737,194.358870127152
"2317","17","7","2","1","Inbred","LN","2022","B73","BGEM_Short_late","0","1",74.0820779729841,8.04663046928688,79.2199265618045,159.179713187737,194.358870127152
"2286","36","6","2","1","Inbred","LN","2022","B73","BGEM_Tall_early",NA,NA,74.0820779729841,8.04663046928688,79.2199265618045,159.179713187737,194.358870127152
"2268","18","6","2","1","Inbred","LN","2022","B73","BGEM_Short_late","0","1",74.0820779729841,8.04663046928688,79.2199265618045,159.179713187737,194.358870127152
"2049","49","1","2","1","Inbred","LN","2022","B73","BGEM_Tall_late","0","1",74.0820779729841,8.04663046928688,79.2199265618045,159.179713187737,194.358870127152
"2219","19","5","2","1","Inbred","LN","2022","B73","BGEM_Short_late","0","1",74.0820779729841,8.04663046928688,79.2199265618045,159.179713187737,194.358870127152
"2147","47","3","2","1","Inbred","LN","2022","B73","BGEM_Tall_late","0","1",74.0820779729841,8.04663046928688,79.2199265618045,159.179713187737,194.358870127152
"2338","38","7","2","1","Inbred","LN","2022","BGEM-0001-N","BGEM_Tall_early","0","2",57.5750000000293,7.25000000000278,64.7499999999659,161.750000000392,210.250000000387
"2339","39","7","2","1","Inbred","LN","2022","BGEM-0002-N","BGEM_Tall_early",NA,NA,57.9250000000293,6.47500000000278,62.2499999999659,156.500000000392,191.500000000387
"2136","36","3","2","1","Inbred","LN","2022","BGEM-0003-N","BGEM_Tall_late","0","1",81.2000000000293,6.35000000000278,82.4999999999659,175.000000000392,215.500000000387
"2273","23","6","2","1","Inbred","LN","2022","BGEM-0004-N","BGEM_Short_late","0","2",52.0250000000293,7.25000000000278,72.9999999999659,137.250000000392,162.000000000387
"2346","46","7","2","1","Inbred","LN","2022","BGEM-0005-N","BGEM_Tall_early","0","2",67.8750000000293,8.70000000000278,72.2499999999659,155.250000000392,195.500000000387
"2347","47","7","2","1","Inbred","LN","2022","BGEM-0006-S","BGEM_Tall_early","0","2",68.7250000000293,8.02500000000278,70.749999999966,151.000000000392,193.000000000387
"2195","45","4","2","1","Inbred","LN","2022","BGEM-0007-S","BGEM_Tall_early","0","1",72.7250000000293,7.10000000000278,74.9999999999659,188.000000000392,224.750000000387
"2003","3","1","2","1","Inbred","LN","2022","BGEM-0008-S","BGEM_Short_early","0","1",73.1807154050385,7.6258703242513,69.3383843604146,165.703690121999,203.145142789194
"2053","3","2","2","1","Inbred","LN","2022","BGEM-0010-S","BGEM_Short_early","0","2",72.3750000000293,9.17500000000278,59.9999999999659,150.250000000392,188.750000000387
"2092","42","2","2","1","Inbred","LN","2022","BGEM-0011-S","BGEM_Tall_late","0","2",79.8500000000293,8.50000000000278,60.7499999999659,164.750000000392,206.000000000387
"2071","21","2","2","1","Inbred","LN","2022","BGEM-0012-S","BGEM_Short_early","0","1",62.8000000000293,7.75000000000278,54.249999999966,127.250000000392,164.250000000387
"2069","19","2","2","1","Inbred","LN","2022","BGEM-0013-S","BGEM_Short_early","0","2",67.8000000000293,7.80000000000278,64.7499999999659,151.250000000392,189.250000000387
"2080","30","2","2","1","Inbred","LN","2022","BGEM-0014-S","BGEM_Tall_late","0","1",64.7750000000293,7.90000000000278,66.9999999999659,123.000000000392,156.250000000387
"2031","31","1","2","1","Inbred","LN","2022","BGEM-0015-S","BGEM_Tall_late","0","2",73.6750000000293,8.12500000000278,62.249999999966,171.250000000392,222.000000000387
"2331","31","7","2","1","Inbred","LN","2022","BGEM-0018-S","BGEM_Tall_early","0","1",75.0500000000293,8.17500000000278,62.2499999999659,163.000000000392,200.000000000387
"2178","28","4","2","1","Inbred","LN","2022","BGEM-0019-S","BGEM_Tall_late","0","2",73.7500000000293,9.17500000000278,87.999999999966,178.250000000392,212.750000000387
"2011","11","1","2","1","Inbred","LN","2022","BGEM-0020-S","BGEM_Short_early","0","1",85.4307154050385,9.57587032425131,68.3383843604146,155.203690121999,198.145142789194
"2183","33","4","2","1","Inbred","LN","2022","BGEM-0021-S","BGEM_Tall_late","0","2",75.5000000000292,7.55000000000278,64.7499999999659,168.000000000392,206.500000000387
"2258","8","6","2","1","Inbred","LN","2022","BGEM-0022-S","BGEM_Short_late","0","1",72.7807154050385,7.9258703242513,59.3383843604146,142.203690121999,179.145142789194
"2072","22","2","2","1","Inbred","LN","2022","BGEM-0023-S","BGEM_Short_early","0","1",73.6500000000293,8.85000000000278,59.9999999999659,146.500000000392,190.000000000387
"2068","18","2","2","1","Inbred","LN","2022","BGEM-0024-S","BGEM_Short_early","0","2",73.1000000000293,8.62500000000278,57.7499999999659,133.500000000392,177.000000000387
"2277","27","6","2","1","Inbred","LN","2022","BGEM-0025-S","BGEM_Tall_early","0","2",82.3500000000293,8.47500000000278,76.2499999999659,184.500000000392,231.500000000387
"2173","23","4","2","1","Inbred","LN","2022","BGEM-0026-S","BGEM_Short_late","0","2",65.4000000000293,9.10000000000278,47.9999999999659,109.250000000392,128.750000000387
"2100","50","2","2","1","Inbred","LN","2022","BGEM-0027-S","BGEM_Tall_late","0","1",70.5500000000293,9.62500000000278,70.4999999999659,169.750000000392,186.750000000387
"2259","9","6","2","1","Inbred","LN","2022","BGEM-0028-S","BGEM_Short_late","0","1",66.2250000000293,7.90000000000278,55.9999999999659,137.250000000392,177.000000000387
"2256","6","6","2","1","Inbred","LN","2022","BGEM-0029-S","BGEM_Short_late","0","1",64.3307154050385,7.6758703242513,44.3383843604146,117.703690121999,148.645142789194
"2104","4","3","2","1","Inbred","LN","2022","BGEM-0030-S","BGEM_Short_early","0","2",68.7750000000293,7.35000000000278,76.249999999966,134.000000000392,171.000000000387
"2326","26","7","2","1","Inbred","LN","2022","BGEM-0031-S","BGEM_Tall_early","0","2",69.9000000000293,7.55000000000278,70.4999999999659,158.250000000392,191.000000000387
"2013","13","1","2","1","Inbred","LN","2022","BGEM-0032-S","BGEM_Short_early","0","1",62.6500000000293,7.80000000000278,49.2499999999659,121.750000000392,164.000000000387
"2150","50","3","2","1","Inbred","LN","2022","BGEM-0033-S","BGEM_Tall_late","0","1",68.7500000000293,7.97500000000278,96.2499999999659,169.250000000392,211.250000000387
"2316","16","7","2","1","Inbred","LN","2022","BGEM-0034-S","BGEM_Short_late","0","1",65.8307154050385,8.4758703242513,52.8383843604146,137.203690121999,173.145142789194
"2208","8","5","2","1","Inbred","LN","2022","BGEM-0035-S","BGEM_Short_late",NA,NA,65.8807154050385,8.5258703242513,61.8383843604146,147.703690121999,190.645142789194
"2210","10","5","2","1","Inbred","LN","2022","BGEM-0036-S","BGEM_Short_late","0","1",62.0250000000293,7.50000000000278,61.9999999999659,126.750000000392,162.250000000387
"2061","11","2","2","1","Inbred","LN","2022","BGEM-0037-S","BGEM_Short_early","0","1",66.0750000000293,7.20000000000278,46.7499999999659,128.000000000392,168.750000000387
"2093","43","2","2","1","Inbred","LN","2022","BGEM-0038-N","BGEM_Tall_late","0","1",66.2750000000293,7.45000000000278,64.7499999999659,140.500000000392,179.750000000387
"2014","14","1","2","1","Inbred","LN","2022","BGEM-0039-N","BGEM_Short_early","0","1",66.3307154050385,7.3758703242513,71.3383843604146,151.703690121999,189.145142789194
"2109","9","3","2","1","Inbred","LN","2022","BGEM-0040-N","BGEM_Short_early","0","2",62.3307154050385,6.3758703242513,86.3383843604146,141.703690121999,181.145142789194
"2289","39","6","2","1","Inbred","LN","2022","BGEM-0041-S","BGEM_Tall_early","0","1",73.5500000000293,8.17500000000278,63.9999999999659,160.000000000392,203.500000000387
"2324","24","7","2","1","Inbred","LN","2022","BGEM-0042-S","BGEM_Short_late","0","1",75.2750000000293,7.12500000000278,54.2499999999659,128.000000000392,165.500000000387
"2045","45","1","2","1","Inbred","LN","2022","BGEM-0043-S","BGEM_Tall_late","0","2",82.4500000000292,9.57500000000278,74.7499999999659,182.250000000392,223.500000000387
"2345","45","7","2","1","Inbred","LN","2022","BGEM-0044-S","BGEM_Tall_early","0","2",73.3250000000293,9.55000000000278,82.9999999999659,166.250000000392,204.500000000387
"2228","28","5","2","1","Inbred","LN","2022","BGEM-0045-N","BGEM_Tall_early","0","1",72.4500000000293,7.55000000000278,81.2499999999659,180.000000000392,219.500000000387
"2246","46","5","2","1","Inbred","LN","2022","BGEM-0046-N","BGEM_Tall_early","0","1",67.8250000000292,7.12500000000278,59.4999999999659,153.750000000392,191.750000000387
"2007","7","1","2","1","Inbred","LN","2022","BGEM-0047-S","BGEM_Short_early","0","2",66.9250000000293,7.90000000000278,45.2499999999659,140.250000000392,178.000000000387
"2204","4","5","2","1","Inbred","LN","2022","BGEM-0048-S","BGEM_Short_late","0","1",64.1750000000293,8.37500000000278,60.4999999999659,136.750000000392,174.750000000387
"2193","43","4","2","1","Inbred","LN","2022","BGEM-0049-S","BGEM_Tall_early","0","1",76.8250000000293,9.57500000000278,80.7499999999659,179.000000000392,217.250000000387
"2108","8","3","2","1","Inbred","LN","2022","BGEM-0050-S","BGEM_Short_early","0","1",74.8500000000293,8.22500000000278,59.4999999999659,153.000000000392,197.000000000387
"2089","39","2","2","1","Inbred","LN","2022","BGEM-0051-S","BGEM_Tall_late","0","1",74.2750000000293,8.42500000000278,74.2499999999659,170.750000000392,211.500000000387
"2134","34","3","2","1","Inbred","LN","2022","BGEM-0052-S","BGEM_Tall_late","0","1",68.3500000000293,6.12500000000278,64.4999999999659,141.250000000392,176.500000000387
"2283","33","6","2","1","Inbred","LN","2022","BGEM-0053-S","BGEM_Tall_early","0","2",62.9250000000293,6.60000000000278,84.9999999999659,149.250000000392,178.500000000387
"2238","38","5","2","1","Inbred","LN","2022","BGEM-0054-S","BGEM_Tall_early","0","1",72.7750000000293,8.22500000000278,75.9999999999659,174.000000000392,222.250000000387
"2117","17","3","2","1","Inbred","LN","2022","BGEM-0055-S","BGEM_Short_early","0","2",69.1750000000293,7.30000000000278,56.7499999999659,137.250000000392,178.750000000387
"2086","36","2","2","1","Inbred","LN","2022","BGEM-0056-S","BGEM_Tall_late","0","1",71.1500000000293,8.60000000000278,55.9999999999659,156.000000000392,192.750000000387
"2186","36","4","2","1","Inbred","LN","2022","BGEM-0057-S","BGEM_Tall_late","0","1",71.7250000000293,8.82500000000278,58.7499999999659,127.500000000392,159.750000000387
"2194","44","4","2","1","Inbred","LN","2022","BGEM-0058-N","BGEM_Tall_early","0","1",69.4000000000293,7.65000000000278,95.7499999999659,174.750000000392,204.250000000387
"2306","6","7","2","1","Inbred","LN","2022","BGEM-0059-S","BGEM_Short_late","0","2",68.5750000000293,7.05000000000278,64.249999999966,135.000000000392,171.250000000387
"2132","32","3","2","1","Inbred","LN","2022","BGEM-0060-S","BGEM_Tall_late","0","2",67.2250000000293,9.12500000000278,84.9999999999659,171.250000000392,215.250000000387
"2143","43","3","2","1","Inbred","LN","2022","BGEM-0061-N","BGEM_Tall_late","0","1",57.3000000000293,8.52500000000278,77.9999999999659,168.750000000392,202.000000000387
"2281","31","6","2","1","Inbred","LN","2022","BGEM-0062-N","BGEM_Tall_early","0","2",72.5750000000293,7.32500000000278,68.249999999966,162.750000000392,202.250000000387
"2297","47","6","2","1","Inbred","LN","2022","BGEM-0063-N","BGEM_Tall_early","0","2",75.5250000000293,5.82500000000278,79.9999999999659,187.500000000392,233.750000000387
"2184","34","4","2","1","Inbred","LN","2022","BGEM-0064-N","BGEM_Tall_late","0","2",69.8500000000293,6.00000000000278,95.2499999999659,174.000000000392,183.500000000387
"2040","40","1","2","1","Inbred","LN","2022","BGEM-0065-N","BGEM_Tall_late","0","2",70.5500000000293,7.32500000000278,97.7499999999659,190.250000000392,222.750000000387
"2112","12","3","2","1","Inbred","LN","2022","BGEM-0066-N","BGEM_Short_early","0","2",65.7250000000293,6.25000000000278,55.4999999999659,117.250000000392,152.000000000387
"2216","16","5","2","1","Inbred","LN","2022","BGEM-0067-S","BGEM_Short_late","0","1",66.6500000000293,7.92500000000278,55.2499999999659,142.750000000392,181.250000000387
"2052","2","2","2","1","Inbred","LN","2022","BGEM-0068-S","BGEM_Short_early","0","2",69.8500000000293,7.47500000000278,45.9999999999659,130.750000000392,177.750000000387
"2044","44","1","2","1","Inbred","LN","2022","BGEM-0069-S","BGEM_Tall_late","0","2",75.5750000000293,8.95000000000278,75.9999999999659,176.250000000392,218.500000000387
"2127","27","3","2","1","Inbred","LN","2022","BGEM-0070-S","BGEM_Tall_late","0","2",72.3000000000293,8.82500000000278,71.2499999999659,159.500000000392,198.250000000387
"2206","6","5","2","1","Inbred","LN","2022","BGEM-0071-S","BGEM_Short_late","0","2",52.4750000000293,6.60000000000278,55.7499999999659,112.250000000392,143.750000000387
"2179","29","4","2","1","Inbred","LN","2022","BGEM-0072-S","BGEM_Tall_late","0","2",69.4250000000293,8.17500000000278,56.2499999999659,145.250000000392,195.500000000387
"2202","2","5","2","1","Inbred","LN","2022","BGEM-0073-S","BGEM_Short_late","0","1",60.3307154050385,7.6758703242513,55.8383843604146,117.703690121999,160.145142789194
"2254","4","6","2","1","Inbred","LN","2022","BGEM-0074-S","BGEM_Short_late","0","1",62.8250000000293,8.70000000000278,54.7499999999659,128.000000000392,165.250000000387
"2029","29","1","2","1","Inbred","LN","2022","BGEM-0075-S","BGEM_Tall_late","0","2",71.5000000000293,8.15000000000278,97.999999999966,170.000000000392,214.750000000387
"2328","28","7","2","1","Inbred","LN","2022","BGEM-0076-S","BGEM_Tall_early","0","1",61.6500000000293,8.15000000000278,74.9999999999659,153.000000000392,190.000000000387
"2063","13","2","2","1","Inbred","LN","2022","BGEM-0077-S","BGEM_Short_early","0","2",67.8500000000293,6.87500000000278,47.2499999999659,143.750000000392,183.500000000387
"2231","31","5","2","1","Inbred","LN","2022","BGEM-0078-N","BGEM_Tall_early","0","1",68.0750000000292,6.27500000000278,61.2499999999659,162.000000000392,191.000000000387
"2287","37","6","2","1","Inbred","LN","2022","BGEM-0078-S","BGEM_Tall_early",NA,NA,62.4807154050385,5.52587032425131,50.3383843604146,127.703690121999,161.145142789194
"2023","23","1","2","1","Inbred","LN","2022","BGEM-0079-S","BGEM_Short_early","0","1",71.8250000000293,8.40000000000278,55.7499999999659,154.500000000392,195.750000000387
"2015","15","1","2","1","Inbred","LN","2022","BGEM-0080-S","BGEM_Short_early","0","1",67.6250000000293,8.17500000000278,57.2499999999659,157.000000000392,194.500000000387
"2333","33","7","2","1","Inbred","LN","2022","BGEM-0081-S","BGEM_Tall_early","0","1",74.1000000000293,8.55000000000278,77.2499999999659,175.750000000392,215.500000000387
"2020","20","1","2","1","Inbred","LN","2022","BGEM-0082-S","BGEM_Short_early","0","2",68.3000000000293,8.87500000000278,36.2499999999659,113.250000000392,146.250000000387
"2161","11","4","2","1","Inbred","LN","2022","BGEM-0083-S","BGEM_Short_early","0","1",74.3750000000293,7.92500000000278,66.7499999999659,152.500000000392,189.000000000387
"2265","15","6","2","1","Inbred","LN","2022","BGEM-0084-S","BGEM_Short_late","0","1",67.2000000000293,7.75000000000278,56.9999999999659,143.500000000392,183.000000000387
"2064","14","2","2","1","Inbred","LN","2022","BGEM-0085-N","BGEM_Short_early","0","2",66.4750000000293,6.47500000000278,67.9999999999659,146.000000000392,178.250000000387
"2243","43","5","2","1","Inbred","LN","2022","BGEM-0086-N","BGEM_Tall_early","0","1",61.9000000000293,6.67500000000278,79.7499999999659,158.500000000392,196.750000000387
"2144","44","3","2","1","Inbred","LN","2022","BGEM-0087-N","BGEM_Tall_late","0","1",67.5250000000293,7.45000000000278,85.9999999999659,177.500000000392,215.250000000387
"2220","20","5","2","1","Inbred","LN","2022","BGEM-0088-N","BGEM_Short_late","0","1",74.7500000000293,8.05000000000278,66.9999999999659,141.000000000392,172.250000000387
"2214","14","5","2","1","Inbred","LN","2022","BGEM-0089-N","BGEM_Short_late","0","1",68.36928459502,7.12412967575426,49.6616156395173,123.296309878785,152.85485721158
"2315","15","7","2","1","Inbred","LN","2022","BGEM-0090-N","BGEM_Short_late","0","2",67.5000000000293,6.97500000000278,54.9999999999659,139.250000000392,179.250000000387
"2284","34","6","2","1","Inbred","LN","2022","BGEM-0091-N","BGEM_Tall_early","0","2",64.4250000000293,6.05000000000278,58.4999999999659,125.750000000392,163.750000000387
"2199","49","4","2","1","Inbred","LN","2022","BGEM-0092-S","BGEM_Tall_early","0","1",74.3500000000293,6.87500000000278,75.9999999999659,180.250000000392,219.250000000387
"2115","15","3","2","1","Inbred","LN","2022","BGEM-0094-S","BGEM_Short_early","0","2",62.4250000000293,7.55000000000278,53.4999999999659,123.250000000392,155.250000000387
"2123","23","3","2","1","Inbred","LN","2022","BGEM-0095-S","BGEM_Short_early","0","2",65.9250000000293,8.05000000000278,57.9999999999659,125.000000000392,156.000000000387
"2318","18","7","2","1","Inbred","LN","2022","BGEM-0097-S","BGEM_Short_late","0","1",64.8000000000293,8.37500000000278,43.9999999999659,124.000000000392,156.750000000387
"2349","49","7","2","1","Inbred","LN","2022","BGEM-0098-S","BGEM_Tall_early","0","2",57.4000000000293,6.65000000000278,47.4999999999659,137.250000000392,173.000000000387
"2025","25","1","2","1","Inbred","LN","2022","BGEM-0099-S","BGEM_Short_early","0","2",67.5000000000293,7.87500000000278,66.7499999999659,138.000000000392,176.000000000387
"2314","14","7","2","1","Inbred","LN","2022","BGEM-0100-S","BGEM_Short_late",NA,NA,NA,NA,NA,NA,NA
"2267","17","6","2","1","Inbred","LN","2022","BGEM-0101-S","BGEM_Short_late","0","1",70.6500000000293,7.27500000000278,62.4999999999659,135.500000000392,161.500000000387
"2212","12","5","2","1","Inbred","LN","2022","BGEM-0102-N","BGEM_Short_late","0","1",73.5250000000293,6.30000000000278,46.9999999999659,137.500000000392,175.500000000387
"2036","36","1","2","1","Inbred","LN","2022","BGEM-0103-N","BGEM_Tall_late","0","1",71.1250000000293,6.67500000000278,72.9999999999659,163.750000000392,204.250000000387
"2342","42","7","2","1","Inbred","LN","2022","BGEM-0105-N","BGEM_Tall_early","0","2",70.3750000000293,6.87500000000278,64.7499999999659,165.750000000392,205.000000000387
"2043","43","1","2","1","Inbred","LN","2022","BGEM-0106-N","BGEM_Tall_late","0","2",73.0000000000293,7.02500000000278,83.2499999999659,189.250000000392,228.500000000387
"2223","23","5","2","1","Inbred","LN","2022","BGEM-0107-N","BGEM_Short_late","0","1",64.8250000000293,8.67500000000278,65.749999999966,155.000000000392,189.000000000387
"2308","8","7","2","1","Inbred","LN","2022","BGEM-0108-S","BGEM_Short_late","0","2",71.4500000000293,7.72500000000278,59.9999999999659,139.250000000392,177.250000000387
"2019","19","1","2","1","Inbred","LN","2022","BGEM-0109-N","BGEM_Short_early","0","2",50.5250000000292,6.72500000000278,53.2499999999659,132.500000000392,160.750000000387
"2298","48","6","2","1","Inbred","LN","2022","BGEM-0110-N","BGEM_Tall_early","0","2",66.9000000000293,6.10000000000278,51.7499999999659,160.500000000392,197.000000000387
"2107","7","3","2","1","Inbred","LN","2022","BGEM-0111-S","BGEM_Short_early","0","1",63.4250000000293,6.17500000000278,48.7499999999659,140.250000000392,184.500000000387
"2074","24","2","2","1","Inbred","LN","2022","BGEM-0112-S","BGEM_Short_early","0","1",67.7750000000293,6.62500000000278,60.9999999999659,148.000000000392,194.750000000387
"2004","4","1","2","1","Inbred","LN","2022","BGEM-0113-S","BGEM_Short_early","0","2",67.9250000000293,6.82500000000278,60.4999999999659,155.500000000392,195.500000000387
"2021","21","1","2","1","Inbred","LN","2022","BGEM-0114-S","BGEM_Short_early","0","1",69.5000000000293,7.70000000000278,53.9999999999659,143.000000000392,182.500000000387
"2160","10","4","2","1","Inbred","LN","2022","BGEM-0115-S","BGEM_Short_early","0","1",64.4750000000293,6.95000000000278,59.2499999999659,146.500000000392,191.250000000387
"2154","4","4","2","1","Inbred","LN","2022","BGEM-0116-S","BGEM_Short_early","0","1",61.6000000000293,6.67500000000278,57.9999999999659,143.500000000392,183.750000000387
"2062","12","2","2","1","Inbred","LN","2022","BGEM-0117-S","BGEM_Short_early","0","1",64.3250000000293,6.92500000000278,50.7499999999659,142.250000000392,182.250000000387
"2012","12","1","2","1","Inbred","LN","2022","BGEM-0118-S","BGEM_Short_early","0","1",65.0750000000293,6.75000000000278,51.9999999999659,147.500000000392,192.500000000387
"2169","19","4","2","1","Inbred","LN","2022","BGEM-0120-N","BGEM_Short_late","0","2",75.3500000000293,8.00000000000278,71.9999999999659,130.750000000392,164.000000000387
"2177","27","4","2","1","Inbred","LN","2022","BGEM-0121-N","BGEM_Tall_late","0","2",77.9000000000293,9.62500000000278,88.2499999999659,182.500000000392,225.000000000387
"2236","36","5","2","1","Inbred","LN","2022","BGEM-0122-N","BGEM_Tall_early","0","1",63.0500000000293,6.92500000000278,62.4999999999659,146.750000000392,182.000000000387
"2060","10","2","2","1","Inbred","LN","2022","BGEM-0123-N","BGEM_Short_early","0","1",58.4000000000293,7.15000000000278,61.4999999999659,134.500000000392,165.000000000387
"2141","41","3","2","1","Inbred","LN","2022","BGEM-0124-N","BGEM_Tall_late","0","1",66.0500000000293,7.25000000000278,72.7499999999659,177.000000000392,220.500000000387
"2197","47","4","2","1","Inbred","LN","2022","BGEM-0125-N","BGEM_Tall_early","0","1",60.4750000000293,8.05000000000278,75.2499999999659,155.000000000392,190.750000000387
"2340","40","7","2","1","Inbred","LN","2022","BGEM-0126-N","BGEM_Tall_early","0","1",67.8250000000293,8.15000000000278,75.4999999999659,165.250000000392,201.000000000387
"2249","49","5","2","1","Inbred","LN","2022","BGEM-0127-N","BGEM_Tall_early","0","1",64.1250000000293,6.30000000000278,66.7499999999659,147.750000000392,184.750000000387
"2110","10","3","2","1","Inbred","LN","2022","BGEM-0129-N","BGEM_Short_early","0","2",66.3750000000293,8.47500000000278,63.7499999999659,129.250000000392,165.750000000387
"2241","41","5","2","1","Inbred","LN","2022","BGEM-0130-N","BGEM_Tall_early","0","2",63.4250000000293,7.00000000000278,60.4999999999659,136.000000000392,176.250000000387
"2135","35","3","2","1","Inbred","LN","2022","BGEM-0131-N","BGEM_Tall_late","0","1",63.9250000000293,7.57500000000278,62.9999999999659,141.250000000392,174.000000000387
"2348","48","7","2","1","Inbred","LN","2022","BGEM-0133-S","BGEM_Tall_early","0","2",70.1500000000293,8.00000000000278,65.2499999999659,148.500000000392,186.500000000387
"2096","46","2","2","1","Inbred","LN","2022","BGEM-0134-S","BGEM_Tall_late","0","1",71.7500000000293,9.57500000000278,90.2499999999659,186.250000000392,226.500000000387
"2009","9","1","2","1","Inbred","LN","2022","BGEM-0136-S","BGEM_Short_early","0","1",58.3807154050385,8.32587032425131,60.3383843604146,119.203690121999,155.145142789194
"2103","3","3","2","1","Inbred","LN","2022","BGEM-0137-S","BGEM_Short_early","0","2",67.9750000000293,8.65000000000278,54.4999999999659,143.750000000392,185.250000000387
"2247","47","5","2","1","Inbred","LN","2022","BGEM-0138-S","BGEM_Tall_early","0","1",69.6500000000293,7.42500000000278,73.7499999999659,159.500000000392,203.500000000387
"2005","5","1","2","1","Inbred","LN","2022","BGEM-0140-N","BGEM_Short_early","1","1.25",67.2500000000293,7.12500000000278,56.2499999999659,142.250000000392,188.250000000387
"2159","9","4","2","1","Inbred","LN","2022","BGEM-0141-N","BGEM_Short_early","0","1",60.1250000000293,7.45000000000278,60.7499999999659,118.750000000392,159.000000000387
"2291","41","6","2","1","Inbred","LN","2022","BGEM-0143-N","BGEM_Tall_early","0","2",70.8500000000293,7.17500000000278,73.7499999999659,152.250000000392,190.500000000387
"2189","39","4","2","1","Inbred","LN","2022","BGEM-0144-N","BGEM_Tall_early","0","1",59.0750000000292,7.62500000000278,80.7499999999659,159.000000000392,199.750000000387
"2234","34","5","2","1","Inbred","LN","2022","BGEM-0145-N","BGEM_Tall_early","0","1",65.4750000000293,6.15000000000278,57.4999999999659,131.750000000392,161.500000000387
"2239","39","5","2","1","Inbred","LN","2022","BGEM-0146-N","BGEM_Tall_early","0","2",66.2750000000293,6.15000000000278,74.4999999999659,187.250000000392,227.750000000387
"2299","49","6","2","1","Inbred","LN","2022","BGEM-0147-S","BGEM_Tall_early","0","1",73.0250000000293,9.05000000000278,70.9999999999659,166.750000000392,202.500000000387
"2227","27","5","2","1","Inbred","LN","2022","BGEM-0148-S","BGEM_Tall_early","0","1",74.0000000000293,7.75000000000278,52.4999999999659,155.250000000392,194.500000000387
"2158","8","4","2","1","Inbred","LN","2022","BGEM-0149-S","BGEM_Short_early","0","1",69.0807154050385,9.2258703242513,58.3383843604147,144.703690121999,184.145142789194
"2151","1","4","2","1","Inbred","LN","2022","BGEM-0150-S","BGEM_Short_early","0","1",56.5000000000292,6.40000000000278,42.7499999999659,110.203690121999,149.145142789194
"2264","14","6","2","1","Inbred","LN","2022","BGEM-0151-N","BGEM_Short_late","0","1",65.1250000000293,7.65000000000278,48.2499999999659,137.750000000392,170.750000000387
"2035","35","1","2","1","Inbred","LN","2022","BGEM-0152-N","BGEM_Tall_late","0","1",63.2500000000293,7.97500000000278,58.2499999999659,143.250000000392,184.750000000387
"2322","22","7","2","1","Inbred","LN","2022","BGEM-0153-S","BGEM_Short_late","0","1",66.2750000000293,8.20000000000278,71.7499999999659,143.250000000392,177.000000000387
"2101","1","3","2","1","Inbred","LN","2022","BGEM-0154-S","BGEM_Short_early","0","2",69.4500000000293,6.95000000000278,78.4999999999659,152.250000000392,195.750000000387
"2133","33","3","2","1","Inbred","LN","2022","BGEM-0155-S","BGEM_Tall_late","0","2",70.6500000000293,8.52500000000278,65.9999999999659,164.000000000392,212.750000000387
"2292","42","6","2","1","Inbred","LN","2022","BGEM-0156-S","BGEM_Tall_early","0","1",66.3500000000293,7.80000000000278,59.9999999999659,129.250000000392,168.000000000387
"2312","12","7","2","1","Inbred","LN","2022","BGEM-0157-N","BGEM_Short_late","0","2",67.9750000000293,6.77500000000278,61.7499999999659,144.250000000392,176.250000000387
"2128","28","3","2","1","Inbred","LN","2022","BGEM-0158-S","BGEM_Tall_late","0","1",77.5250000000293,9.20000000000278,79.7499999999659,176.750000000392,221.500000000387
"2181","31","4","2","1","Inbred","LN","2022","BGEM-0159-S","BGEM_Tall_late","0","2",77.3750000000292,10.2500000000028,94.4999999999659,178.000000000392,217.000000000387
"2076","26","2","2","1","Inbred","LN","2022","BGEM-0160-S","BGEM_Tall_late","0","1",68.6000000000293,9.32500000000278,93.4999999999659,172.000000000392,215.250000000387
"2218","18","5","2","1","Inbred","LN","2022","BGEM-0161-S","BGEM_Short_late","0","1",76.3750000000292,7.67500000000278,73.999999999966,140.250000000392,181.750000000387
"2156","6","4","2","1","Inbred","LN","2022","BGEM-0162-S","BGEM_Short_early","0","1",67.2250000000293,7.20000000000278,62.9999999999659,152.750000000392,191.000000000387
"2303","3","7","2","1","Inbred","LN","2022","BGEM-0163-S","BGEM_Short_late","0","1",60.4750000000293,7.17500000000278,57.2499999999659,128.250000000392,156.000000000387
"2165","15","4","2","1","Inbred","LN","2022","BGEM-0164-S","BGEM_Short_late","0","2",68.2000000000293,7.62500000000278,52.4999999999659,137.750000000392,178.000000000387
"2050","50","1","2","1","Inbred","LN","2022","BGEM-0165-S","BGEM_Tall_late","0","1",68.3250000000293,7.25000000000278,92.2499999999659,188.000000000392,226.500000000387
"2032","32","1","2","1","Inbred","LN","2022","BGEM-0166-S","BGEM_Tall_late","0","1",91.4250000000293,8.27500000000278,81.9999999999659,181.500000000392,218.000000000387
"2120","20","3","2","1","Inbred","LN","2022","BGEM-0167-S","BGEM_Short_early","0","2",66.9000000000293,7.90000000000278,50.4999999999659,146.500000000392,183.500000000387
"2149","49","3","2","1","Inbred","LN","2022","BGEM-0168-S","BGEM_Tall_late","0","1",80.3250000000292,7.12500000000278,101.499999999966,185.750000000392,227.250000000387
"2251","1","6","2","1","Inbred","LN","2022","BGEM-0169-S","BGEM_Short_late","0","1",68.4807154050385,9.0258703242513,47.8383843604147,128.703690121999,165.145142789194
"2222","22","5","2","1","Inbred","LN","2022","BGEM-0170-S","BGEM_Short_late","0","1",69.3500000000293,8.92500000000278,55.2499999999659,131.000000000392,171.250000000387
"2191","41","4","2","1","Inbred","LN","2022","BGEM-0171-S","BGEM_Tall_early","0","1",74.3250000000293,7.80000000000278,68.4999999999659,148.500000000392,191.750000000387
"2077","27","2","2","1","Inbred","LN","2022","BGEM-0172-S","BGEM_Tall_late","0","1",82.2750000000293,9.60000000000278,80.7499999999659,207.750000000392,247.250000000387
"2307","7","7","2","1","Inbred","LN","2022","BGEM-0173-S","BGEM_Short_late","0","2",69.4750000000293,6.65000000000278,57.7499999999659,133.000000000392,173.000000000387
"2215","15","5","2","1","Inbred","LN","2022","BGEM-0174-N","BGEM_Short_late","0","1",60.5807154050385,6.9758703242513,53.3383843604147,117.703690121999,149.145142789194
"2138","38","3","2","1","Inbred","LN","2022","BGEM-0175-S","BGEM_Tall_late","0","2",74.6750000000293,7.27500000000278,70.4999999999659,162.500000000392,202.250000000387
"2042","42","1","2","1","Inbred","LN","2022","BGEM-0178-S","BGEM_Tall_late","0","2",79.5250000000293,9.50000000000278,76.2499999999659,198.500000000392,243.250000000387
"2017","17","1","2","1","Inbred","LN","2022","BGEM-0179-S","BGEM_Short_early","0","1",76.6000000000292,10.0000000000028,72.2499999999659,187.250000000392,229.500000000387
"2102","2","3","2","1","Inbred","LN","2022","BGEM-0180-S","BGEM_Short_early","0","1",71.6000000000293,7.22500000000278,54.4999999999659,137.750000000392,162.250000000387
"2168","18","4","2","1","Inbred","LN","2022","BGEM-0181-N","BGEM_Short_late","0","2",62.3750000000293,6.90000000000278,71.4999999999659,150.000000000392,184.250000000387
"2250","50","5","2","1","Inbred","LN","2022","BGEM-0182-N","BGEM_Tall_early","0","1",63.8250000000293,6.55000000000278,71.7499999999659,176.750000000392,215.250000000387
"2084","34","2","2","1","Inbred","LN","2022","BGEM-0183-N","BGEM_Tall_late","0","1",72.5750000000293,8.02500000000278,77.2499999999659,184.000000000392,207.250000000387
"2059","9","2","2","1","Inbred","LN","2022","BGEM-0184-N","BGEM_Short_early","0","1",62.9750000000293,6.07500000000278,61.2499999999659,140.000000000392,168.500000000387
"2311","11","7","2","1","Inbred","LN","2022","BGEM-0185-N","BGEM_Short_late","0","2",70.4250000000293,6.77500000000278,59.9999999999659,147.250000000392,185.000000000387
"2323","23","7","2","1","Inbred","LN","2022","BGEM-0186-S","BGEM_Short_late","0","1",63.3500000000293,7.22500000000278,47.7499999999659,127.750000000392,161.500000000387
"2221","21","5","2","1","Inbred","LN","2022","BGEM-0187-S","BGEM_Short_late","0","1",72.0250000000293,7.40000000000278,49.9999999999659,119.500000000392,151.000000000387
"2091","41","2","2","1","Inbred","LN","2022","BGEM-0188-S","BGEM_Tall_late","0","2",71.6000000000293,8.37500000000278,73.7499999999659,168.250000000392,213.000000000387
"2290","40","6","2","1","Inbred","LN","2022","BGEM-0189-S","BGEM_Tall_early","0","2",70.1750000000293,7.72500000000278,72.249999999966,169.500000000392,202.500000000387
"2257","7","6","2","1","Inbred","LN","2022","BGEM-0190-N","BGEM_Short_late","0","1",66.0000000000293,6.87500000000278,52.9999999999659,125.000000000392,161.750000000387
"2253","3","6","2","1","Inbred","LN","2022","BGEM-0191-N","BGEM_Short_late","0","1",52.5807154050385,6.0758703242513,56.8383843604147,110.203690121999,140.145142789194
"2078","28","2","2","1","Inbred","LN","2022","BGEM-0192-N","BGEM_Tall_late","0","1",65.7500000000293,6.37500000000278,82.4999999999659,161.250000000392,203.500000000387
"2126","26","3","2","1","Inbred","LN","2022","BGEM-0193-N","BGEM_Tall_late","0","2",65.0500000000293,6.32500000000278,78.9999999999659,158.000000000392,200.250000000387
"2088","38","2","2","1","Inbred","LN","2022","BGEM-0196-N","BGEM_Tall_late","0","1",68.7750000000293,6.52500000000278,64.9999999999659,201.250000000392,245.750000000387
"2075","25","2","2","1","Inbred","LN","2022","BGEM-0197-S","BGEM_Short_early","0","1",73.5750000000293,7.45000000000278,67.2499999999659,149.500000000392,188.500000000387
"2192","42","4","2","1","Inbred","LN","2022","BGEM-0198-S","BGEM_Tall_early","0","1",71.3500000000293,6.85000000000278,78.4999999999659,166.250000000392,226.250000000387
"2235","35","5","2","1","Inbred","LN","2022","BGEM-0199-S","BGEM_Tall_early","0","1",62.0807154050385,7.5258703242513,70.3383843604146,157.203690121999,199.145142789194
"2266","16","6","2","1","Inbred","LN","2022","BGEM-0200-S","BGEM_Short_late","0","1",58.6500000000292,8.05000000000278,85.7499999999659,153.000000000392,190.000000000387
"2296","46","6","2","1","Inbred","LN","2022","BGEM-0201-N","BGEM_Tall_early","0","2",68.6000000000293,8.02500000000278,84.9999999999659,151.250000000392,195.250000000387
"2152","2","4","2","1","Inbred","LN","2022","BGEM-0202-N","BGEM_Short_early","0","1",56.2000000000292,6.15000000000278,61.2499999999659,115.250000000392,142.000000000387
"2058","8","2","2","1","Inbred","LN","2022","BGEM-0203-N","BGEM_Short_early","0","1",72.2250000000293,6.77500000000278,56.7499999999659,151.000000000392,195.000000000387
"2030","30","1","2","1","Inbred","LN","2022","BGEM-0204-N","BGEM_Tall_late","0","2",67.3250000000292,6.97500000000278,91.9999999999659,192.250000000392,225.250000000387
"2285","35","6","2","1","Inbred","LN","2022","BGEM-0205-N","BGEM_Tall_early","0","2",57.5000000000292,7.27500000000278,69.2499999999659,148.000000000392,191.750000000387
"2198","48","4","2","1","Inbred","LN","2022","BGEM-0206-N","BGEM_Tall_early","0","1",53.4750000000293,6.70000000000278,78.4999999999659,139.500000000392,176.250000000387
"2153","3","4","2","1","Inbred","LN","2022","BGEM-0207-N","BGEM_Short_early","0","1",58.6000000000292,6.55000000000278,63.9999999999659,126.000000000392,161.000000000387
"2182","32","4","2","1","Inbred","LN","2022","BGEM-0208-N","BGEM_Tall_late","0","1",72.6500000000293,7.67500000000278,122.661615639517,216.250000000392,249.000000000387
"2330","30","7","2","1","Inbred","LN","2022","BGEM-0209-N","BGEM_Tall_early","0","1",62.1750000000293,5.92500000000278,70.2499999999659,152.500000000392,192.250000000387
"2039","39","1","2","1","Inbred","LN","2022","BGEM-0210-N","BGEM_Tall_late","0","2",75.7500000000293,7.62500000000278,97.2499999999659,175.250000000392,217.750000000387
"2079","29","2","2","1","Inbred","LN","2022","BGEM-0211-N","BGEM_Tall_late","0","1",74.7500000000293,7.07500000000278,71.4999999999659,154.750000000392,191.000000000387
"2337","37","7","2","1","Inbred","LN","2022","BGEM-0212-N","BGEM_Tall_early","0","2",63.2500000000293,6.22500000000278,74.7499999999659,166.500000000392,198.250000000387
"2085","35","2","2","1","Inbred","LN","2022","BGEM-0213-S","BGEM_Tall_late","0","1",66.9250000000293,8.05000000000278,100.249999999966,182.500000000392,214.750000000387
"2018","18","1","2","1","Inbred","LN","2022","BGEM-0214-S","BGEM_Short_early","0","2",71.6000000000293,8.77500000000278,67.4999999999659,142.500000000392,188.000000000387
"2332","32","7","2","1","Inbred","LN","2022","BGEM-0215-N","BGEM_Tall_early","0","1",71.8750000000293,8.97500000000278,66.4999999999659,161.000000000392,200.250000000387
"2320","20","7","2","1","Inbred","LN","2022","BGEM-0216-N","BGEM_Short_late","0","1",59.1500000000293,5.47500000000278,67.7499999999659,125.250000000392,152.750000000387
"2248","48","5","2","1","Inbred","LN","2022","BGEM-0217-S","BGEM_Tall_early","0","1",72.9750000000293,7.75000000000278,69.9999999999659,147.250000000392,182.250000000387
"2302","2","7","2","1","Inbred","LN","2022","BGEM-0218-S","BGEM_Short_late","0","1",60.2807154050385,7.3758703242513,62.8383843604146,140.703690121999,179.145142789194
"2111","11","3","2","1","Inbred","LN","2022","BGEM-0219-S","BGEM_Short_early","0","2",71.5000000000293,8.40000000000278,58.7499999999659,141.000000000392,184.250000000387
"2172","22","4","2","1","Inbred","LN","2022","BGEM-0220-S","BGEM_Short_late","0","2",68.7750000000293,8.37500000000278,71.7499999999659,156.750000000392,199.250000000387
"2006","6","1","2","1","Inbred","LN","2022","BGEM-0221-S","BGEM_Short_early","0","2",70.0250000000293,8.72500000000278,50.9999999999659,142.500000000392,185.250000000387
"2022","22","1","2","1","Inbred","LN","2022","BGEM-0222-S","BGEM_Short_early","0","2",65.7500000000293,10.1000000000028,72.9999999999659,153.750000000392,194.500000000387
"2142","42","3","2","1","Inbred","LN","2022","BGEM-0223-N","BGEM_Tall_late","0","1",68.7307154050385,8.6758703242513,67.8383843604146,139.203690121999,176.645142789194
"2270","20","6","2","1","Inbred","LN","2022","BGEM-0224-N","BGEM_Short_late","0","2",66.7500000000293,7.70000000000278,63.4999999999659,124.500000000392,161.500000000387
"2224","24","5","2","1","Inbred","LN","2022","BGEM-0225-N","BGEM_Short_late","0","1",66.0000000000293,7.32500000000278,65.7499999999659,139.750000000392,183.500000000387
"2225","25","5","2","1","Inbred","LN","2022","BGEM-0226-S","BGEM_Short_late","0","1",66.8500000000293,8.12500000000278,53.2499999999659,131.750000000392,167.000000000387
"2121","21","3","2","1","Inbred","LN","2022","BGEM-0227-N","BGEM_Short_early","0","2",71.1250000000293,8.27500000000278,68.9999999999659,131.500000000392,173.000000000387
"2171","21","4","2","1","Inbred","LN","2022","BGEM-0228-N","BGEM_Short_late","0","2",65.9000000000293,6.85000000000278,70.4999999999659,153.250000000392,183.750000000387
"2124","24","3","2","1","Inbred","LN","2022","BGEM-0229-N","BGEM_Short_early","0","2",67.5750000000293,6.42500000000278,61.9999999999659,140.750000000392,171.250000000387
"2205","5","5","2","1","Inbred","LN","2022","BGEM-0230-N","BGEM_Short_late","0","2",63.9250000000293,6.12500000000278,43.4999999999659,124.500000000392,161.500000000387
"2038","38","1","2","1","Inbred","LN","2022","BGEM-0231-N","BGEM_Tall_late","0","1",81.5750000000292,6.50000000000278,69.9999999999659,159.750000000392,195.250000000387
"2140","40","3","2","1","Inbred","LN","2022","BGEM-0233-S","BGEM_Tall_late","0","2",75.4000000000293,7.22500000000278,86.9999999999659,188.250000000392,230.000000000387
"2081","31","2","2","1","Inbred","LN","2022","BGEM-0235-N","BGEM_Tall_late","0","1",66.8250000000292,7.37500000000278,71.4999999999659,160.250000000392,196.750000000387
"2190","40","4","2","1","Inbred","LN","2022","BGEM-0236-S","BGEM_Tall_early","0","1",68.0500000000293,7.97500000000278,82.4999999999659,151.250000000392,188.000000000387
"2034","34","1","2","1","Inbred","LN","2022","BGEM-0237-N","BGEM_Tall_late","0","2",67.8750000000293,7.12500000000278,90.2499999999659,166.000000000392,202.250000000387
"2145","45","3","2","1","Inbred","LN","2022","BGEM-0238-N","BGEM_Tall_late","0","1",73.6500000000293,9.30000000000278,88.2499999999659,152.250000000392,194.750000000387
"2046","46","1","2","1","Inbred","LN","2022","BGEM-0239-N","BGEM_Tall_late","1","1.5",66.6750000000293,8.27500000000278,75.7499999999659,175.250000000392,211.250000000387
"2148","48","3","2","1","Inbred","LN","2022","BGEM-0240-N","BGEM_Tall_late","0","1",66.2500000000293,7.42500000000278,55.9999999999659,132.250000000392,166.500000000387
"2163","13","4","2","1","Inbred","LN","2022","BGEM-0242-N","BGEM_Short_late","0","1",61.8750000000293,6.90000000000278,50.4999999999659,123.500000000392,161.750000000387
"2240","40","5","2","1","Inbred","LN","2022","BGEM-0243-S","BGEM_Tall_early","0","2",65.9500000000292,8.40000000000278,69.7499999999659,158.250000000392,194.500000000387
"2010","10","1","2","1","Inbred","LN","2022","BGEM-0244-S","BGEM_Short_early","0","1",67.9750000000293,9.15000000000278,65.7499999999659,152.500000000392,192.250000000387
"2027","27","1","2","1","Inbred","LN","2022","BGEM-0245-S","BGEM_Tall_late","0","2",72.8750000000293,9.25000000000278,65.2499999999659,166.000000000392,206.250000000387
"2175","25","4","2","1","Inbred","LN","2022","BGEM-0246-N","BGEM_Short_late","0","2",63.7000000000293,6.15000000000278,51.9999999999659,144.250000000392,180.000000000387
"2304","4","7","2","1","Inbred","LN","2022","BGEM-0247-N","BGEM_Short_late","0","2",66.1250000000293,5.32500000000278,52.2499999999659,113.500000000392,145.750000000387
"2344","44","7","2","1","Inbred","LN","2022","BGEM-0248-N","BGEM_Tall_early","0","2",69.4750000000293,8.37500000000278,85.4999999999659,179.500000000392,230.500000000387
"2164","14","4","2","1","Inbred","LN","2022","BGEM-0249-N","BGEM_Short_late","0","2",62.0250000000293,5.82500000000278,63.9999999999659,144.750000000392,173.500000000387
"2083","33","2","2","1","Inbred","LN","2022","BGEM-0250-S","BGEM_Tall_late","0","1",81.1750000000292,8.10000000000278,86.4999999999659,186.500000000392,221.250000000387
"2336","36","7","2","1","Inbred","LN","2022","BGEM-0251-S","BGEM_Tall_early","0","2",75.1500000000293,7.90000000000278,66.7499999999659,159.250000000392,201.250000000387
"2095","45","2","2","1","Inbred","LN","2022","BGEM-0252-S","BGEM_Tall_late","0","1",76.2250000000292,8.82500000000278,80.7499999999659,178.750000000392,222.750000000387
"2113","13","3","2","1","Inbred","LN","2022","BGEM-0253-N","BGEM_Short_early","0","2",68.2750000000293,7.25000000000278,61.2499999999659,139.750000000392,174.000000000387
"2341","41","7","2","1","Inbred","LN","2022","BGEM-0254-S","BGEM_Tall_early","0","2",68.8750000000293,8.12500000000278,67.2499999999659,164.750000000392,193.750000000387
"2054","4","2","2","1","Inbred","LN","2022","BGEM-0255-S","BGEM_Short_early","0","2",67.0000000000293,8.62500000000278,79.7499999999659,153.500000000392,188.000000000387
"2275","25","6","2","1","Inbred","LN","2022","BGEM-0256-N","BGEM_Short_late","0","2",64.3807154050385,7.0258703242513,66.3383843604146,154.703690121999,193.645142789194
"2146","46","3","2","1","Inbred","LN","2022","BGEM-0257-S","BGEM_Tall_late","0","1",68.9500000000293,8.12500000000278,64.749999999966,151.750000000392,166.500000000387
"2293","43","6","2","1","Inbred","LN","2022","BGEM-0258-S","BGEM_Tall_early","0","1",61.6250000000293,8.70000000000278,54.9999999999659,129.500000000392,156.750000000387
"2174","24","4","2","1","Inbred","LN","2022","BGEM-0259-N","BGEM_Short_late","0","2",70.2750000000293,6.35000000000278,69.9999999999659,167.250000000392,201.250000000387
"2274","24","6","2","1","Inbred","LN","2022","BGEM-0260-N","BGEM_Short_late","0","2",71.9250000000293,7.05000000000278,51.7499999999659,146.750000000392,187.500000000387
"2279","29","6","2","1","Inbred","LN","2022","BGEM-0261-S","BGEM_Tall_early","0","2",64.8250000000292,8.02500000000278,48.4999999999659,120.500000000392,154.750000000387
"2166","16","4","2","1","Inbred","LN","2022","BGEM-0262-S","BGEM_Short_late","0","2",68.6000000000293,6.95000000000278,85.7499999999659,162.250000000392,199.500000000387
"2288","38","6","2","1","Inbred","LN","2022","BGEM-0263-S","BGEM_Tall_early","0","1",66.0000000000293,8.25000000000278,87.7499999999659,170.000000000392,210.750000000387
"2129","29","3","2","1","Inbred","LN","2022","BGEM-0264-S","BGEM_Tall_late","0","2",71.0500000000293,6.17500000000278,68.9999999999659,162.250000000392,180.250000000387
"2055","5","2","2","1","Inbred","LN","2022","BGEM-0266-S","BGEM_Short_early","0","2",69.5750000000292,7.45000000000278,55.2499999999659,116.000000000392,151.750000000387
"2167","17","4","2","1","Inbred","LN","2022","BGEM-0268-S","BGEM_Short_late","0","2",71.5807154050385,8.3758703242513,81.3383843604147,175.703690121999,219.145142789194
"2209","9","5","2","1","Inbred","LN","2022","BGEM-0269-S","BGEM_Short_late","0","1",NA,NA,NA,NA,NA
"2271","21","6","2","1","Inbred","LN","2022","BGEM-0270-S","BGEM_Short_late","0","2",75.0500000000293,7.30000000000278,71.7499999999659,162.000000000392,201.500000000387
"2282","32","6","2","1","Inbred","LN","2022","BGEM-0272-S","BGEM_Tall_early",NA,NA,65.4250000000293,8.87500000000278,62.7499999999659,153.250000000392,192.500000000387
"2118","18","3","2","1","Inbred","LN","2022","BGEM-0276-S","BGEM_Short_early","0","2",70.0250000000293,7.70000000000278,94.4999999999659,175.750000000392,218.250000000387
"2185","35","4","2","1","Inbred","LN","2022","BGEM-0277-S","BGEM_Tall_late","0","1",76.5000000000292,8.40000000000278,59.4999999999659,127.750000000392,165.000000000387
"2280","30","6","2","1","Inbred","LN","2022","BGEM-0278-S","BGEM_Tall_early",NA,NA,70.5750000000292,9.57500000000278,70.7499999999659,157.750000000392,195.750000000387
"2272","22","6","2","1","Inbred","LN","2022","BGEM-0279-S","BGEM_Short_late","0","2",63.2750000000293,7.87500000000278,61.4999999999659,143.750000000392,179.000000000387
"2200","50","4","2","1","Inbred","LN","2022","BGEM-0280-S","BGEM_Tall_early","0","1",75.6500000000293,10.1000000000028,73.2499999999659,153.250000000392,195.250000000387
"2201","1","5","2","1","Inbred","LN","2022","BGEM-0281-N","BGEM_Short_late","0","1",64.4807154050385,6.67587032425131,95.8383843604147,192.703690121999,223.645142789194
"2157","7","4","2","1","Inbred","LN","2022","BGEM-0282-N","BGEM_Short_early","0","1",70.4000000000293,6.77500000000278,104.499999999966,176.500000000392,214.750000000387
"2244","44","5","2","1","Inbred","LN","2022","BGEM-0283-N","BGEM_Tall_early","0","1",64.6000000000293,6.80000000000278,71.4999999999659,150.500000000392,184.500000000387
"2176","26","4","2","1","Inbred","LN","2022","BGEM-0284-N","BGEM_Tall_late","0","2",73.3500000000293,7.15000000000278,69.4999999999659,163.500000000392,202.000000000387
"2319","19","7","2","1","Inbred","LN","2022","BGEM-0285-N","BGEM_Short_late","0","1",69.0250000000293,6.17500000000278,79.7499999999659,156.000000000392,192.500000000387
"2116","16","3","2","1","Inbred","LN","2022","BGEM-0286-N","BGEM_Short_early","0","2",67.0500000000293,6.92500000000278,72.2499999999659,160.000000000392,201.500000000387
"2305","5","7","2","1","Inbred","LN","2022","BGEM-0287-N","BGEM_Short_late","0","2",61.1000000000293,6.02500000000278,59.9999999999659,130.000000000392,161.500000000387
"2217","17","5","2","1","Inbred","LN","2022","BGEM-0288-S","BGEM_Short_late","0","1",74.7250000000293,8.87500000000278,88.4999999999659,172.250000000392,214.500000000387
"2263","13","6","2","1","Inbred","LN","2022","BGEM-0289-N","BGEM_Short_late","0","1",58.9250000000292,5.75000000000278,61.4999999999659,154.750000000392,184.750000000387
"2048","48","1","2","1","Inbred","LN","2022","BGEM-0290-N","BGEM_Tall_late","0","1",67.0250000000293,7.50000000000278,94.2499999999659,183.250000000392,223.500000000387
"2261","11","6","2","1","Inbred","LN","2022","BGEM-0291-N","BGEM_Short_late","0","1",71.0250000000293,7.25000000000278,61.4999999999659,155.000000000392,192.250000000387
"2028","28","1","2","1","Inbred","LN","2022","BGEM-0292-S","BGEM_Tall_late","0","2",71.3000000000293,7.10000000000278,59.7499999999659,159.250000000392,193.750000000387
"2097","47","2","2","1","Inbred","LN","2022","BGEM-0293-N","BGEM_Tall_late","0","1",65.9750000000293,7.30000000000278,75.4999999999659,161.250000000392,190.000000000387
"2087","37","2","2","1","Inbred","LN","2022","BGEM-0294-N","BGEM_Tall_late","0","1",69.3000000000293,7.37500000000278,59.9999999999659,153.250000000392,186.750000000387
"2226","26","5","2","1","Inbred","LN","2022","BGEM-0295-S","BGEM_Tall_early","0","1",72.5500000000293,7.95000000000278,69.7499999999659,168.500000000392,217.750000000387
"2262","12","6","2","1","Inbred","LN","2022","BGEM-0296-S","BGEM_Short_late","0","1",65.6750000000293,8.57500000000278,50.7499999999659,131.750000000392,169.500000000387
"2310","10","7","2","1","Inbred","LN","2022","BGEM-0297-N","BGEM_Short_late","0","2",72.0750000000293,8.37500000000278,74.749999999966,157.000000000392,193.500000000387
"2056","6","2","2","1","Inbred","LN","2022","BGEM-0298-S","BGEM_Short_early","0","2",67.5807154050385,8.57587032425131,57.8383843604147,138.203690121999,170.145142789194
"2232","32","5","2","1","Inbred","LN","2022","BGEM-0299-N","BGEM_Tall_early","0","1",58.6000000000292,6.17500000000278,57.2499999999659,135.250000000392,156.500000000387
"2230","30","5","2","1","Inbred","LN","2022","BGEM-0300-S","BGEM_Tall_early","0","1",70.9500000000292,8.85000000000278,76.9999999999659,165.000000000392,206.750000000387
"2329","29","7","2","1","Inbred","LN","2022","BGEM-0301-S","BGEM_Tall_early","0","1",72.8307154050385,6.8758703242513,89.3383843604147,164.703690121999,203.645142789194
"2233","33","5","2","1","Inbred","LN","2022","BGEM-0302-S","BGEM_Tall_early","0","1",73.4000000000293,6.97500000000278,42.7499999999659,132.500000000392,176.250000000387
"2269","19","6","2","1","Inbred","LN","2022","BGEM-0303-N","BGEM_Short_late","0","1",60.1000000000293,5.97500000000278,64.9999999999659,152.750000000392,190.750000000387
"2242","42","5","2","1","Inbred","LN","2022","BGEM-0304-N","BGEM_Tall_early","0","1",74.8500000000293,7.42500000000278,85.9999999999659,169.250000000392,212.250000000387
"2213","13","5","2","1","Inbred","LN","2022","BGEM-0305-S","BGEM_Short_late","0","1",65.1750000000293,5.00000000000278,50.2499999999659,124.250000000392,162.750000000387
"2207","7","5","2","1","Inbred","LN","2022","BGEM-0306-S","BGEM_Short_late","0","1",60.3000000000293,9.27500000000278,67.4999999999659,156.250000000392,184.250000000387
"2094","44","2","2","1","Inbred","LN","2022","BGEM-0307-S","BGEM_Tall_late","0","1",70.4000000000293,9.05000000000278,75.4999999999659,163.750000000392,212.500000000387
"2037","37","1","2","1","Inbred","LN","2022","BGEM-0308-S","BGEM_Tall_late","0","2",71.1500000000293,8.62500000000278,57.9999999999659,151.750000000392,188.000000000387
"2130","30","3","2","1","Inbred","LN","2022","BGEM-0309-S","BGEM_Tall_late","0","2",67.5000000000293,7.40000000000278,66.9999999999659,180.750000000392,227.000000000387
"2119","19","3","2","1","Inbred","LN","2022","BGEM-0310-S","BGEM_Short_early","0","2",73.1000000000293,7.55000000000278,63.4999999999659,152.500000000392,192.750000000387
"2300","50","6","2","1","Inbred","LN","2022","BGEM-0311-N","BGEM_Tall_early","0","1",67.8750000000293,6.50000000000278,69.9999999999659,174.000000000392,219.750000000387
"2026","26","1","2","1","Inbred","LN","2022","BGEM-0312-S","BGEM_Tall_late","0","2",65.7000000000293,6.60000000000278,73.4999999999659,164.250000000392,212.250000000387
"2276","26","6","2","1","Inbred","LN","2022","BGEM-0313-S","BGEM_Tall_early","0","2",69.9250000000293,8.75000000000278,72.4999999999659,167.000000000392,208.250000000387
"2051","1","2","2","1","Inbred","LN","2022","BGEM-0314-S","BGEM_Short_early","0","2",71.4500000000293,9.22500000000278,49.4999999999659,138.000000000392,178.000000000387
"2295","45","6","2","1","Inbred","LN","2022","BGEM-0315-S","BGEM_Tall_early","0","2",59.0750000000292,7.25000000000278,51.4999999999659,145.250000000392,181.250000000387
"2321","21","7","2","1","Inbred","LN","2022","BGEM-0316-S","BGEM_Short_late","0","1",73.0500000000293,7.05000000000278,54.9999999999659,150.500000000392,195.500000000387
"2334","34","7","2","1","Inbred","LN","2022","BGEM-0317-S","BGEM_Tall_early","0","1",69.4000000000293,8.92500000000278,68.7499999999659,143.500000000392,183.500000000387
"2001","1","1","2","1","Inbred","LN","2022","BGEM-0318-S","BGEM_Short_early","0","1",70.4307154050385,7.07587032425131,54.3383843604147,165.703690121999,212.645142789194
"2125","25","3","2","1","Inbred","LN","2022","BGEM-0319-S","BGEM_Short_early","0","2",73.2250000000293,6.15000000000278,78.7499999999659,157.750000000392,194.000000000387
"2067","17","2","2","1","Inbred","LN","2022","BGEM-0320-N","BGEM_Short_early","0","2",61.8000000000293,7.55000000000278,54.9999999999659,139.000000000392,177.500000000387
"2002","2","1","2","1","Inbred","LN","2022","BGEM-0321-S","BGEM_Short_early","0","1",67.0500000000293,7.72500000000278,50.4999999999659,133.000000000392,170.000000000387
"2313","13","7","2","1","Inbred","LN","2022","BGEM-0322-S","BGEM_Short_late","0","2",70.8500000000293,8.07500000000278,57.2499999999659,150.000000000392,191.000000000387
"2255","5","6","2","1","Inbred","LN","2022","BGEM-0323-S","BGEM_Short_late","0","1",63.3000000000293,6.72500000000278,47.9999999999659,142.750000000392,184.500000000387
"2137","37","3","2","1","Inbred","LN","2022","BGEM-0324-N","BGEM_Tall_late","0","2",72.2500000000293,9.15000000000278,73.4999999999659,165.500000000392,191.750000000387
"2047","47","1","2","1","Inbred","LN","2022","BGEM-0325-N","BGEM_Tall_late","1","1.5",76.4000000000293,8.55000000000278,70.7499999999659,177.500000000392,221.750000000387
"2066","16","2","2","1","Inbred","LN","2022","BGEM-0326-N","BGEM_Short_early","0","2",59.3250000000292,7.05000000000278,57.4999999999659,130.000000000392,158.250000000387
"2105","5","3","2","1","Inbred","LN","2022","BGEM-0327-N","BGEM_Short_early","0","2",56.9750000000293,6.52500000000278,63.9999999999659,140.000000000392,168.750000000387
"2099","49","2","2","1","Inbred","LN","2022","BGEM-0328-S","BGEM_Tall_late","0","1",74.9000000000293,9.05000000000278,105.749999999966,201.750000000392,247.750000000387
"2090","40","2","2","1","Inbred","LN","2022","Mo17","BGEM_Tall_late","0","1",59.8716869063056,8.11327935480601,64.2055662901692,139.974389572273,184.933082068711
"2211","11","5","2","1","Inbred","LN","2022","Mo17","BGEM_Short_late","0","1",59.8716869063056,8.11327935480601,64.2055662901692,139.974389572273,184.933082068711
"2278","28","6","2","1","Inbred","LN","2022","Mo17","BGEM_Tall_early","0","1",59.8716869063056,8.11327935480601,64.2055662901692,139.974389572273,184.933082068711
"2106","6","3","2","1","Inbred","LN","2022","Mo17","BGEM_Short_early","0","1",59.8716869063056,8.11327935480601,64.2055662901692,139.974389572273,184.933082068711
"2294","44","6","2","1","Inbred","LN","2022","Mo17","BGEM_Tall_early","0","2",59.8716869063056,8.11327935480601,64.2055662901692,139.974389572273,184.933082068711
"2335","35","7","2","1","Inbred","LN","2022","Mo17","BGEM_Tall_early","0","1",59.8716869063056,8.11327935480601,64.2055662901692,139.974389572273,184.933082068711
"2229","29","5","2","1","Inbred","LN","2022","Mo17","BGEM_Tall_early","0","1",59.8716869063056,8.11327935480601,64.2055662901692,139.974389572273,184.933082068711
"2057","7","2","2","1","Inbred","LN","2022","Mo17","BGEM_Short_early","0","2",59.8716869063056,8.11327935480601,64.2055662901692,139.974389572273,184.933082068711
"2350","50","7","2","1","Inbred","LN","2022","Mo17","BGEM_Tall_early","0","2",59.8716869063056,8.11327935480601,64.2055662901692,139.974389572273,184.933082068711
"2139","39","3","2","1","Inbred","LN","2022","Mo17","BGEM_Tall_late","0","2",59.8716869063056,8.11327935480601,64.2055662901692,139.974389572273,184.933082068711
"2260","10","6","2","1","Inbred","LN","2022","Mo17","BGEM_Short_late","0","1",59.8716869063056,8.11327935480601,64.2055662901692,139.974389572273,184.933082068711
"2008","8","1","2","1","Inbred","LN","2022","Mo17","BGEM_Short_early","0","2",59.8716869063056,8.11327935480601,64.2055662901692,139.974389572273,184.933082068711
"2155","5","4","2","1","Inbred","LN","2022","Mo17","BGEM_Short_early","0","1",59.8716869063056,8.11327935480601,64.2055662901692,139.974389572273,184.933082068711
"2196","46","4","2","1","Inbred","LN","2022","Mo17","BGEM_Tall_early","0","1",59.8716869063056,8.11327935480601,64.2055662901692,139.974389572273,184.933082068711
"2024","24","1","2","1","Inbred","LN","2022","Mo17","BGEM_Short_early","0","1",59.8716869063056,8.11327935480601,64.2055662901692,139.974389572273,184.933082068711
"2122","22","3","2","1","Inbred","LN","2022","Mo17","BGEM_Short_early","0","2",59.8716869063056,8.11327935480601,64.2055662901692,139.974389572273,184.933082068711
"2070","20","2","2","1","Inbred","LN","2022","Mo17","BGEM_Short_early","0","2",59.8716869063056,8.11327935480601,64.2055662901692,139.974389572273,184.933082068711
"2187","37","4","2","1","Inbred","LN","2022","Mo17","BGEM_Tall_late","0","1",59.8716869063056,8.11327935480601,64.2055662901692,139.974389572273,184.933082068711
"2041","41","1","2","1","Inbred","LN","2022","Mo17","BGEM_Tall_late","0","2",59.8716869063056,8.11327935480601,64.2055662901692,139.974389572273,184.933082068711
"2073","23","2","2","1","Inbred","LN","2022","Mo17","BGEM_Short_early","0","1",59.8716869063056,8.11327935480601,64.2055662901692,139.974389572273,184.933082068711
"2325","25","7","2","1","Inbred","LN","2022","Mo17","BGEM_Short_late","0","1",59.8716869063056,8.11327935480601,64.2055662901692,139.974389572273,184.933082068711
"2309","9","7","2","1","Inbred","LN","2022","Mo17","BGEM_Short_late","0","2",59.8716869063056,8.11327935480601,64.2055662901692,139.974389572273,184.933082068711
"2245","45","5","2","1","Inbred","LN","2022","Mo17","BGEM_Tall_early","0","1",59.8716869063056,8.11327935480601,64.2055662901692,139.974389572273,184.933082068711
"2170","20","4","2","1","Inbred","LN","2022","Mo17","BGEM_Short_late","0","2",59.8716869063056,8.11327935480601,64.2055662901692,139.974389572273,184.933082068711
